{
  "fio version" : "fio-3.16",
  "timestamp" : 1698259051,
  "timestamp_ms" : 1698259051758,
  "time" : "Wed Oct 25 14:37:31 2023",
  "global options" : {
    "bs" : "256k",
    "iodepth" : "32",
    "rwmixread" : "70"
  },
  "jobs" : [
    {
      "jobname" : "Job1",
      "groupid" : 0,
      "error" : 0,
      "eta" : 2147483647,
      "elapsed" : 1,
      "job options" : {
        "ioengine" : "libaio",
        "numjobs" : "1",
        "direct" : "1",
        "fsync" : "0",
        "rw" : "randrw",
        "size" : "512m",
        "filename" : "/dev/nvme0n1p5"
      },
      "read" : {
        "io_bytes" : 373817344,
        "io_kbytes" : 365056,
        "bw_bytes" : 1190501095,
        "bw" : 1162598,
        "iops" : 4541.401274,
        "runtime" : 314,
        "total_ios" : 1426,
        "short_ios" : 0,
        "drop_ios" : 0,
        "slat_ns" : {
          "min" : 7109,
          "max" : 105268,
          "mean" : 29017.037167,
          "stddev" : 15297.059427
        },
        "clat_ns" : {
          "min" : 471497,
          "max" : 10394164,
          "mean" : 6285605.420056,
          "stddev" : 778957.656571,
          "percentile" : {
            "1.000000" : 4046848,
            "5.000000" : 5144576,
            "10.000000" : 5341184,
            "20.000000" : 5734400,
            "30.000000" : 5931008,
            "40.000000" : 6127616,
            "50.000000" : 6324224,
            "60.000000" : 6455296,
            "70.000000" : 6717440,
            "80.000000" : 6914048,
            "90.000000" : 7176192,
            "95.000000" : 7372800,
            "99.000000" : 8159232,
            "99.500000" : 8290304,
            "99.900000" : 9764864,
            "99.950000" : 10420224,
            "99.990000" : 10420224
          }
        },
        "lat_ns" : {
          "min" : 500818,
          "max" : 10418539,
          "mean" : 6315121.819776,
          "stddev" : 779221.338185
        },
        "bw_min" : 0,
        "bw_max" : 0,
        "bw_agg" : 0.000000,
        "bw_mean" : 0.000000,
        "bw_dev" : 0.000000,
        "bw_samples" : 0,
        "iops_min" : 0,
        "iops_max" : 0,
        "iops_mean" : 0.000000,
        "iops_stddev" : 0.000000,
        "iops_samples" : 0
      },
      "write" : {
        "io_bytes" : 163053568,
        "io_kbytes" : 159232,
        "bw_bytes" : 519278878,
        "bw" : 507108,
        "iops" : 1980.891720,
        "runtime" : 314,
        "total_ios" : 622,
        "short_ios" : 0,
        "drop_ios" : 0,
        "slat_ns" : {
          "min" : 9497,
          "max" : 237377,
          "mean" : 48705.170418,
          "stddev" : 20724.289177
        },
        "clat_ns" : {
          "min" : 292473,
          "max" : 5583339,
          "mean" : 1558054.311897,
          "stddev" : 643771.339916,
          "percentile" : {
            "1.000000" : 403456,
            "5.000000" : 602112,
            "10.000000" : 741376,
            "20.000000" : 995328,
            "30.000000" : 1204224,
            "40.000000" : 1417216,
            "50.000000" : 1581056,
            "60.000000" : 1728512,
            "70.000000" : 1859584,
            "80.000000" : 2007040,
            "90.000000" : 2277376,
            "95.000000" : 2441216,
            "99.000000" : 3391488,
            "99.500000" : 4292608,
            "99.900000" : 5603328,
            "99.950000" : 5603328,
            "99.990000" : 5603328
          }
        },
        "lat_ns" : {
          "min" : 322648,
          "max" : 5630450,
          "mean" : 1607348.911576,
          "stddev" : 642695.463616
        },
        "bw_min" : 0,
        "bw_max" : 0,
        "bw_agg" : 0.000000,
        "bw_mean" : 0.000000,
        "bw_dev" : 0.000000,
        "bw_samples" : 0,
        "iops_min" : 0,
        "iops_max" : 0,
        "iops_mean" : 0.000000,
        "iops_stddev" : 0.000000,
        "iops_samples" : 0
      },
      "trim" : {
        "io_bytes" : 0,
        "io_kbytes" : 0,
        "bw_bytes" : 0,
        "bw" : 0,
        "iops" : 0.000000,
        "runtime" : 0,
        "total_ios" : 0,
        "short_ios" : 0,
        "drop_ios" : 0,
        "slat_ns" : {
          "min" : 0,
          "max" : 0,
          "mean" : 0.000000,
          "stddev" : 0.000000
        },
        "clat_ns" : {
          "min" : 0,
          "max" : 0,
          "mean" : 0.000000,
          "stddev" : 0.000000,
          "percentile" : {
            "1.000000" : 0,
            "5.000000" : 0,
            "10.000000" : 0,
            "20.000000" : 0,
            "30.000000" : 0,
            "40.000000" : 0,
            "50.000000" : 0,
            "60.000000" : 0,
            "70.000000" : 0,
            "80.000000" : 0,
            "90.000000" : 0,
            "95.000000" : 0,
            "99.000000" : 0,
            "99.500000" : 0,
            "99.900000" : 0,
            "99.950000" : 0,
            "99.990000" : 0
          }
        },
        "lat_ns" : {
          "min" : 0,
          "max" : 0,
          "mean" : 0.000000,
          "stddev" : 0.000000
        },
        "bw_min" : 0,
        "bw_max" : 0,
        "bw_agg" : 0.000000,
        "bw_mean" : 0.000000,
        "bw_dev" : 0.000000,
        "bw_samples" : 0,
        "iops_min" : 0,
        "iops_max" : 0,
        "iops_mean" : 0.000000,
        "iops_stddev" : 0.000000,
        "iops_samples" : 0
      },
      "sync" : {
        "lat_ns" : {
          "min" : 0,
          "max" : 0,
          "mean" : 0.000000,
          "stddev" : 0.000000,
          "percentile" : {
            "1.000000" : 0,
            "5.000000" : 0,
            "10.000000" : 0,
            "20.000000" : 0,
            "30.000000" : 0,
            "40.000000" : 0,
            "50.000000" : 0,
            "60.000000" : 0,
            "70.000000" : 0,
            "80.000000" : 0,
            "90.000000" : 0,
            "95.000000" : 0,
            "99.000000" : 0,
            "99.500000" : 0,
            "99.900000" : 0,
            "99.950000" : 0,
            "99.990000" : 0
          }
        },
        "total_ios" : 0
      },
      "job_runtime" : 313,
      "usr_cpu" : 12.779553,
      "sys_cpu" : 21.086262,
      "ctx" : 941,
      "majf" : 0,
      "minf" : 11,
      "iodepth_level" : {
        "1" : 0.100000,
        "2" : 0.100000,
        "4" : 0.195312,
        "8" : 0.390625,
        "16" : 0.781250,
        "32" : 98.486328,
        ">=64" : 0.000000
      },
      "iodepth_submit" : {
        "0" : 0.000000,
        "4" : 100.000000,
        "8" : 0.000000,
        "16" : 0.000000,
        "32" : 0.000000,
        "64" : 0.000000,
        ">=64" : 0.000000
      },
      "iodepth_complete" : {
        "0" : 0.000000,
        "4" : 99.950446,
        "8" : 0.000000,
        "16" : 0.000000,
        "32" : 0.100000,
        "64" : 0.000000,
        ">=64" : 0.000000
      },
      "latency_ns" : {
        "2" : 0.000000,
        "4" : 0.000000,
        "10" : 0.000000,
        "20" : 0.000000,
        "50" : 0.000000,
        "100" : 0.000000,
        "250" : 0.000000,
        "500" : 0.000000,
        "750" : 0.000000,
        "1000" : 0.000000
      },
      "latency_us" : {
        "2" : 0.000000,
        "4" : 0.000000,
        "10" : 0.000000,
        "20" : 0.000000,
        "50" : 0.000000,
        "100" : 0.000000,
        "250" : 0.000000,
        "500" : 1.074219,
        "750" : 2.050781,
        "1000" : 3.076172
      },
      "latency_ms" : {
        "2" : 17.968750,
        "4" : 6.542969,
        "10" : 69.238281,
        "20" : 0.048828,
        "50" : 0.000000,
        "100" : 0.000000,
        "250" : 0.000000,
        "500" : 0.000000,
        "750" : 0.000000,
        "1000" : 0.000000,
        "2000" : 0.000000,
        ">=2000" : 0.000000
      },
      "latency_depth" : 32,
      "latency_target" : 0,
      "latency_percentile" : 100.000000,
      "latency_window" : 0
    }
  ],
  "disk_util" : [
    {
      "name" : "nvme0n1",
      "read_ios" : 658,