{
  "fio version" : "fio-3.16",
  "timestamp" : 1698259032,
  "timestamp_ms" : 1698259032390,
  "time" : "Wed Oct 25 14:37:12 2023",
  "global options" : {
    "bs" : "128k",
    "iodepth" : "32",
    "rwmixread" : "50"
  },
  "jobs" : [
    {
      "jobname" : "Job1",
      "groupid" : 0,
      "error" : 0,
      "eta" : 2147483647,
      "elapsed" : 1,
      "job options" : {
        "ioengine" : "libaio",
        "numjobs" : "1",
        "direct" : "1",
        "fsync" : "0",
        "rw" : "randrw",
        "size" : "512m",
        "filename" : "/dev/nvme0n1p5"
      },
      "read" : {
        "io_bytes" : 261095424,
        "io_kbytes" : 254976,
        "bw_bytes" : 743861606,
        "bw" : 726427,
        "iops" : 5675.213675,
        "runtime" : 351,
        "total_ios" : 1992,
        "short_ios" : 0,
        "drop_ios" : 0,
        "slat_ns" : {
          "min" : 13274,
          "max" : 86622,
          "mean" : 20321.909639,
          "stddev" : 8269.836164
        },
        "clat_ns" : {
          "min" : 801374,
          "max" : 24873309,
          "mean" : 5195655.653614,
          "stddev" : 2250897.049079,
          "percentile" : {
            "1.000000" : 2834432,
            "5.000000" : 3555328,
            "10.000000" : 3915776,
            "20.000000" : 4227072,
            "30.000000" : 4489216,
            "40.000000" : 4751360,
            "50.000000" : 4947968,
            "60.000000" : 5079040,
            "70.000000" : 5341184,
            "80.000000" : 5668864,
            "90.000000" : 6127616,
            "95.000000" : 6651904,
            "99.000000" : 22151168,
            "99.500000" : 22937600,
            "99.900000" : 24772608,
            "99.950000" : 24772608,
            "99.990000" : 24772608
          }
        },
        "lat_ns" : {
          "min" : 871026,
          "max" : 24894891,
          "mean" : 5216394.098896,
          "stddev" : 2250955.493528
        },
        "bw_min" : 0,
        "bw_max" : 0,
        "bw_agg" : 0.000000,
        "bw_mean" : 0.000000,
        "bw_dev" : 0.000000,
        "bw_samples" : 0,
        "iops_min" : 0,
        "iops_max" : 0,
        "iops_mean" : 0.000000,
        "iops_stddev" : 0.000000,
        "iops_samples" : 0
      },
      "write" : {
        "io_bytes" : 275775488,
        "io_kbytes" : 269312,
        "bw_bytes" : 785685150,
        "bw" : 767270,
        "iops" : 5994.301994,
        "runtime" : 351,
        "total_ios" : 2104,
        "short_ios" : 0,
        "drop_ios" : 0,
        "slat_ns" : {
          "min" : 16462,
          "max" : 110722,
          "mean" : 31456.945342,
          "stddev" : 10481.660651
        },
        "clat_ns" : {
          "min" : 66526,
          "max" : 10704748,
          "mean" : 348062.065114,
          "stddev" : 567750.818577,
          "percentile" : {
            "1.000000" : 70144,
            "5.000000" : 86528,
            "10.000000" : 100864,
            "20.000000" : 132096,
            "30.000000" : 156672,
            "40.000000" : 183296,
            "50.000000" : 216064,
            "60.000000" : 248832,
            "70.000000" : 305152,
            "80.000000" : 382976,
            "90.000000" : 692224,
            "95.000000" : 1155072,
            "99.000000" : 1941504,
            "99.500000" : 2088960,
            "99.900000" : 10682368,
            "99.950000" : 10682368,
            "99.990000" : 10682368
          }
        },
        "lat_ns" : {
          "min" : 88834,
          "max" : 10731111,
          "mean" : 380007.609791,
          "stddev" : 567551.471780
        },
        "bw_min" : 0,
        "bw_max" : 0,
        "bw_agg" : 0.000000,
        "bw_mean" : 0.000000,
        "bw_dev" : 0.000000,
        "bw_samples" : 0,
        "iops_min" : 0,
        "iops_max" : 0,
        "iops_mean" : 0.000000,
        "iops_stddev" : 0.000000,
        "iops_samples" : 0
      },
      "trim" : {
        "io_bytes" : 0,
        "io_kbytes" : 0,
        "bw_bytes" : 0,
        "bw" : 0,
        "iops" : 0.000000,
        "runtime" : 0,
        "total_ios" : 0,
        "short_ios" : 0,
        "drop_ios" : 0,
        "slat_ns" : {
          "min" : 0,
          "max" : 0,
          "mean" : 0.000000,
          "stddev" : 0.000000
        },
        "clat_ns" : {
          "min" : 0,
          "max" : 0,
          "mean" : 0.000000,
          "stddev" : 0.000000,
          "percentile" : {
            "1.000000" : 0,
            "5.000000" : 0,
            "10.000000" : 0,
            "20.000000" : 0,
            "30.000000" : 0,
            "40.000000" : 0,
            "50.000000" : 0,
            "60.000000" : 0,
            "70.000000" : 0,
            "80.000000" : 0,
            "90.000000" : 0,
            "95.000000" : 0,
            "99.000000" : 0,
            "99.500000" : 0,
            "99.900000" : 0,
            "99.950000" : 0,
            "99.990000" : 0
          }
        },
        "lat_ns" : {
          "min" : 0,
          "max" : 0,
          "mean" : 0.000000,
          "stddev" : 0.000000
        },
        "bw_min" : 0,
        "bw_max" : 0,
        "bw_agg" : 0.000000,
        "bw_mean" : 0.000000,
        "bw_dev" : 0.000000,
        "bw_samples" : 0,
        "iops_min" : 0,
        "iops_max" : 0,
        "iops_mean" : 0.000000,
        "iops_stddev" : 0.000000,
        "iops_samples" : 0
      },
      "sync" : {
        "lat_ns" : {
          "min" : 0,
          "max" : 0,
          "mean" : 0.000000,
          "stddev" : 0.000000,
          "percentile" : {
            "1.000000" : 0,
            "5.000000" : 0,
            "10.000000" : 0,
            "20.000000" : 0,
            "30.000000" : 0,
            "40.000000" : 0,
            "50.000000" : 0,
            "60.000000" : 0,
            "70.000000" : 0,
            "80.000000" : 0,
            "90.000000" : 0,
            "95.000000" : 0,
            "99.000000" : 0,
            "99.500000" : 0,
            "99.900000" : 0,
            "99.950000" : 0,
            "99.990000" : 0
          }
        },
        "total_ios" : 0
      },
      "job_runtime" : 350,
      "usr_cpu" : 15.714286,
      "sys_cpu" : 27.714286,
      "ctx" : 990,
      "majf" : 0,
      "minf" : 11,
      "iodepth_level" : {
        "1" : 0.100000,
        "2" : 0.100000,
        "4" : 0.100000,
        "8" : 0.195312,
        "16" : 0.390625,
        "32" : 99.243164,
        ">=64" : 0.000000
      },
      "iodepth_submit" : {
        "0" : 0.000000,
        "4" : 100.000000,
        "8" : 0.000000,
        "16" : 0.000000,
        "32" : 0.000000,
        "64" : 0.000000,
        ">=64" : 0.000000
      },
      "iodepth_complete" : {
        "0" : 0.000000,
        "4" : 99.975406,
        "8" : 0.000000,
        "16" : 0.000000,
        "32" : 0.100000,
        "64" : 0.000000,
        ">=64" : 0.000000
      },
      "latency_ns" : {
        "2" : 0.000000,
        "4" : 0.000000,
        "10" : 0.000000,
        "20" : 0.000000,
        "50" : 0.000000,
        "100" : 0.000000,
        "250" : 0.000000,
        "500" : 0.000000,
        "750" : 0.000000,
        "1000" : 0.000000
      },
      "latency_us" : {
        "2" : 0.000000,
        "4" : 0.000000,
        "10" : 0.000000,
        "20" : 0.000000,
        "50" : 0.000000,
        "100" : 5.004883,
        "250" : 25.952148,
        "500" : 13.305664,
        "750" : 2.636719,
        "1000" : 1.538086
      },
      "latency_ms" : {
        "2" : 2.734375,
        "4" : 5.541992,
        "10" : 42.358398,
        "20" : 0.366211,
        "50" : 0.561523,
        "100" : 0.000000,
        "250" : 0.000000,
        "500" : 0.000000,
        "750" : 0.000000,
        "1000" : 0.000000,
        "2000" : 0.000000,
        ">=2000" : 0.000000
      },
      "latency_depth" : 32,
      "latency_target" : 0,
      "latency_percentile" : 100.000000,
      "latency_window" : 0
    }
  ],
  "disk_util" : [
    {
      "name" : "nvme0n1",
      "read_ios" : 739,