{
  "fio version" : "fio-3.16",
  "timestamp" : 1698259003,
  "timestamp_ms" : 1698259003902,
  "time" : "Wed Oct 25 14:36:43 2023",
  "global options" : {
    "bs" : "32k",
    "iodepth" : "1",
    "rwmixread" : "50"
  },
  "jobs" : [
    {
      "jobname" : "Job1",
      "groupid" : 0,
      "error" : 0,
      "eta" : 0,
      "elapsed" : 3,
      "job options" : {
        "ioengine" : "libaio",
        "numjobs" : "1",
        "direct" : "1",
        "fsync" : "0",
        "rw" : "randrw",
        "size" : "512m",
        "filename" : "/dev/nvme0n1p5"
      },
      "read" : {
        "io_bytes" : 267386880,
        "io_kbytes" : 261120,
        "bw_bytes" : 135248801,
        "bw" : 132078,
        "iops" : 4127.465857,
        "runtime" : 1977,
        "total_ios" : 8160,
        "short_ios" : 0,
        "drop_ios" : 0,
        "slat_ns" : {
          "min" : 8769,
          "max" : 397306,
          "mean" : 16399.795711,
          "stddev" : 9736.091657
        },
        "clat_ns" : {
          "min" : 45274,
          "max" : 4692798,
          "mean" : 150435.140931,
          "stddev" : 112022.256617,
          "percentile" : {
            "1.000000" : 76288,
            "5.000000" : 86528,
            "10.000000" : 101888,
            "20.000000" : 103936,
            "30.000000" : 107008,
            "40.000000" : 110080,
            "50.000000" : 125440,
            "60.000000" : 148480,
            "70.000000" : 173056,
            "80.000000" : 179200,
            "90.000000" : 220160,
            "95.000000" : 292864,
            "99.000000" : 358400,
            "99.500000" : 387072,
            "99.900000" : 485376,
            "99.950000" : 2342912,
            "99.990000" : 4685824
          }
        },
        "lat_ns" : {
          "min" : 78434,
          "max" : 4703313,
          "mean" : 167391.506373,
          "stddev" : 113787.502931
        },
        "bw_min" : 130688,
        "bw_max" : 134578,
        "bw_agg" : 100.000000,
        "bw_mean" : 133115.333333,
        "bw_dev" : 2116.828130,
        "bw_samples" : 3,
        "iops_min" : 4084,
        "iops_max" : 4205,
        "iops_mean" : 4159.666667,
        "iops_stddev" : 65.957057,
        "iops_samples" : 3
      },
      "write" : {
        "io_bytes" : 269484032,
        "io_kbytes" : 263168,
        "bw_bytes" : 136309576,
        "bw" : 133114,
        "iops" : 4159.838139,
        "runtime" : 1977,
        "total_ios" : 8224,
        "short_ios" : 0,
        "drop_ios" : 0,
        "slat_ns" : {
          "min" : 9867,
          "max" : 157360,
          "mean" : 17985.625486,
          "stddev" : 8703.522059
        },
        "clat_ns" : {
          "min" : 2775,
          "max" : 622256,
          "mean" : 46606.176921,
          "stddev" : 19473.703220,
          "percentile" : {
            "1.000000" : 31872,
            "5.000000" : 32384,
            "10.000000" : 32640,
            "20.000000" : 33024,
            "30.000000" : 33536,
            "40.000000" : 34560,
            "50.000000" : 42752,
            "60.000000" : 49920,
            "70.000000" : 52480,
            "80.000000" : 55040,
            "90.000000" : 58624,
            "95.000000" : 71168,
            "99.000000" : 130560,
            "99.500000" : 132096,
            "99.900000" : 148480,
            "99.950000" : 185344,
            "99.990000" : 618496
          }
        },
        "lat_ns" : {
          "min" : 42077,
          "max" : 639377,
          "mean" : 65132.966926,
          "stddev" : 23348.444918
        },
        "bw_min" : 129788,
        "bw_max" : 137792,
        "bw_agg" : 100.000000,
        "bw_mean" : 133993.333333,
        "bw_dev" : 4017.466532,
        "bw_samples" : 3,
        "iops_min" : 4055,
        "iops_max" : 4306,
        "iops_mean" : 4187.000000,
        "iops_stddev" : 126.003968,
        "iops_samples" : 3
      },
      "trim" : {
        "io_bytes" : 0,
        "io_kbytes" : 0,
        "bw_bytes" : 0,
        "bw" : 0,
        "iops" : 0.000000,
        "runtime" : 0,
        "total_ios" : 0,
        "short_ios" : 0,
        "drop_ios" : 0,
        "slat_ns" : {
          "min" : 0,
          "max" : 0,
          "mean" : 0.000000,
          "stddev" : 0.000000
        },
        "clat_ns" : {
          "min" : 0,
          "max" : 0,
          "mean" : 0.000000,
          "stddev" : 0.000000,
          "percentile" : {
            "1.000000" : 0,
            "5.000000" : 0,
            "10.000000" : 0,
            "20.000000" : 0,
            "30.000000" : 0,
            "40.000000" : 0,
            "50.000000" : 0,
            "60.000000" : 0,
            "70.000000" : 0,
            "80.000000" : 0,
            "90.000000" : 0,
            "95.000000" : 0,
            "99.000000" : 0,
            "99.500000" : 0,
            "99.900000" : 0,
            "99.950000" : 0,
            "99.990000" : 0
          }
        },
        "lat_ns" : {
          "min" : 0,
          "max" : 0,
          "mean" : 0.000000,
          "stddev" : 0.000000
        },
        "bw_min" : 0,
        "bw_max" : 0,
        "bw_agg" : 0.000000,
        "bw_mean" : 0.000000,
        "bw_dev" : 0.000000,
        "bw_samples" : 0,
        "iops_min" : 0,
        "iops_max" : 0,
        "iops_mean" : 0.000000,
        "iops_stddev" : 0.000000,
        "iops_samples" : 0
      },
      "sync" : {
        "lat_ns" : {
          "min" : 0,
          "max" : 0,
          "mean" : 0.000000,
          "stddev" : 0.000000,
          "percentile" : {
            "1.000000" : 0,
            "5.000000" : 0,
            "10.000000" : 0,
            "20.000000" : 0,
            "30.000000" : 0,
            "40.000000" : 0,
            "50.000000" : 0,
            "60.000000" : 0,
            "70.000000" : 0,
            "80.000000" : 0,
            "90.000000" : 0,
            "95.000000" : 0,
            "99.000000" : 0,
            "99.500000" : 0,
            "99.900000" : 0,
            "99.950000" : 0,
            "99.990000" : 0
          }
        },
        "total_ios" : 0
      },
      "job_runtime" : 1976,
      "usr_cpu" : 11.943320,
      "sys_cpu" : 21.457490,
      "ctx" : 16387,
      "majf" : 0,
      "minf" : 13,
      "iodepth_level" : {
        "1" : 100.000000,
        "2" : 0.000000,
        "4" : 0.000000,
        "8" : 0.000000,
        "16" : 0.000000,
        "32" : 0.000000,
        ">=64" : 0.000000
      },
      "iodepth_submit" : {
        "0" : 0.000000,
        "4" : 100.000000,
        "8" : 0.000000,
        "16" : 0.000000,
        "32" : 0.000000,
        "64" : 0.000000,
        ">=64" : 0.000000
      },
      "iodepth_complete" : {
        "0" : 0.000000,
        "4" : 100.000000,
        "8" : 0.000000,
        "16" : 0.000000,
        "32" : 0.000000,
        "64" : 0.000000,
        ">=64" : 0.000000
      },
      "latency_ns" : {
        "2" : 0.000000,
        "4" : 0.000000,
        "10" : 0.000000,
        "20" : 0.000000,
        "50" : 0.000000,
        "100" : 0.000000,
        "250" : 0.000000,
        "500" : 0.000000,
        "750" : 0.000000,
        "1000" : 0.000000
      },
      "latency_us" : {
        "2" : 0.000000,
        "4" : 0.010000,
        "10" : 0.010000,
        "20" : 0.000000,
        "50" : 30.291748,
        "100" : 22.137451,
        "250" : 43.609619,
        "500" : 3.894043,
        "750" : 0.018311,
        "1000" : 0.010000
      },
      "latency_ms" : {
        "2" : 0.000000,
        "4" : 0.012207,
        "10" : 0.018311,
        "20" : 0.000000,
        "50" : 0.000000,
        "100" : 0.000000,
        "250" : 0.000000,
        "500" : 0.000000,
        "750" : 0.000000,
        "1000" : 0.000000,
        "2000" : 0.000000,
        ">=2000" : 0.000000
      },
      "latency_depth" : 1,
      "latency_target" : 0,
      "latency_percentile" : 100.000000,
      "latency_window" : 0
    }
  ],
  "disk_util" : [
    {
      "name" : "nvme0n1",
      "read_ios" : 7879,