{
  "fio version" : "fio-3.16",
  "timestamp" : 1698259013,
  "timestamp_ms" : 1698259013765,
  "time" : "Wed Oct 25 14:36:53 2023",
  "global options" : {
    "bs" : "32k",
    "iodepth" : "32",
    "rwmixread" : "70"
  },
  "jobs" : [
    {
      "jobname" : "Job1",
      "groupid" : 0,
      "error" : 0,
      "eta" : 2147483647,
      "elapsed" : 1,
      "job options" : {
        "ioengine" : "libaio",
        "numjobs" : "1",
        "direct" : "1",
        "fsync" : "0",
        "rw" : "randrw",
        "size" : "512m",
        "filename" : "/dev/nvme0n1p5"
      },
      "read" : {
        "io_bytes" : 375422976,
        "io_kbytes" : 366624,
        "bw_bytes" : 1009201548,
        "bw" : 985548,
        "iops" : 30798.387097,
        "runtime" : 372,
        "total_ios" : 11457,
        "short_ios" : 0,
        "drop_ios" : 0,
        "slat_ns" : {
          "min" : 2794,
          "max" : 210579,
          "mean" : 6681.929475,
          "stddev" : 5752.702272
        },
        "clat_ns" : {
          "min" : 115394,
          "max" : 3636493,
          "mean" : 994252.344767,
          "stddev" : 508987.217007,
          "percentile" : {
            "1.000000" : 216064,
            "5.000000" : 333824,
            "10.000000" : 436224,
            "20.000000" : 569344,
            "30.000000" : 675840,
            "40.000000" : 790528,
            "50.000000" : 897024,
            "60.000000" : 1019904,
            "70.000000" : 1171456,
            "80.000000" : 1368064,
            "90.000000" : 1695744,
            "95.000000" : 2007040,
            "99.000000" : 2506752,
            "99.500000" : 2703360,
            "99.900000" : 3162112,
            "99.950000" : 3260416,
            "99.990000" : 3555328
          }
        },
        "lat_ns" : {
          "min" : 119642,
          "max" : 3642882,
          "mean" : 1001166.758488,
          "stddev" : 508708.573117
        },
        "bw_min" : 0,
        "bw_max" : 0,
        "bw_agg" : 0.000000,
        "bw_mean" : 0.000000,
        "bw_dev" : 0.000000,
        "bw_samples" : 0,
        "iops_min" : 0,
        "iops_max" : 0,
        "iops_mean" : 0.000000,
        "iops_stddev" : 0.000000,
        "iops_samples" : 0
      },
      "write" : {
        "io_bytes" : 161447936,
        "io_kbytes" : 157664,
        "bw_bytes" : 433999827,
        "bw" : 423827,
        "iops" : 13244.623656,
        "runtime" : 372,
        "total_ios" : 4927,
        "short_ios" : 0,
        "drop_ios" : 0,
        "slat_ns" : {
          "min" : 3393,
          "max" : 260750,
          "mean" : 8630.636290,
          "stddev" : 7307.978690
        },
        "clat_ns" : {
          "min" : 21835,
          "max" : 599320,
          "mean" : 71303.442054,
          "stddev" : 62638.169139,
          "percentile" : {
            "1.000000" : 25216,
            "5.000000" : 26752,
            "10.000000" : 28800,
            "20.000000" : 33024,
            "30.000000" : 38144,
            "40.000000" : 43264,
            "50.000000" : 49920,
            "60.000000" : 59648,
            "70.000000" : 71168,
            "80.000000" : 89600,
            "90.000000" : 138240,
            "95.000000" : 193536,
            "99.000000" : 346112,
            "99.500000" : 395264,
            "99.900000" : 528384,
            "99.950000" : 569344,
            "99.990000" : 602112
          }
        },
        "lat_ns" : {
          "min" : 27766,
          "max" : 618933,
          "mean" : 80164.812665,
          "stddev" : 65402.075041
        },
        "bw_min" : 0,
        "bw_max" : 0,
        "bw_agg" : 0.000000,
        "bw_mean" : 0.000000,
        "bw_dev" : 0.000000,
        "bw_samples" : 0,
        "iops_min" : 0,
        "iops_max" : 0,
        "iops_mean" : 0.000000,
        "iops_stddev" : 0.000000,
        "iops_samples" : 0
      },
      "trim" : {
        "io_bytes" : 0,
        "io_kbytes" : 0,
        "bw_bytes" : 0,
        "bw" : 0,
        "iops" : 0.000000,
        "runtime" : 0,
        "total_ios" : 0,
        "short_ios" : 0,
        "drop_ios" : 0,
        "slat_ns" : {
          "min" : 0,
          "max" : 0,
          "mean" : 0.000000,
          "stddev" : 0.000000
        },
        "clat_ns" : {
          "min" : 0,
          "max" : 0,
          "mean" : 0.000000,
          "stddev" : 0.000000,
          "percentile" : {
            "1.000000" : 0,
            "5.000000" : 0,
            "10.000000" : 0,
            "20.000000" : 0,
            "30.000000" : 0,
            "40.000000" : 0,
            "50.000000" : 0,
            "60.000000" : 0,
            "70.000000" : 0,
            "80.000000" : 0,
            "90.000000" : 0,
            "95.000000" : 0,
            "99.000000" : 0,
            "99.500000" : 0,
            "99.900000" : 0,
            "99.950000" : 0,
            "99.990000" : 0
          }
        },
        "lat_ns" : {
          "min" : 0,
          "max" : 0,
          "mean" : 0.000000,
          "stddev" : 0.000000
        },
        "bw_min" : 0,
        "bw_max" : 0,
        "bw_agg" : 0.000000,
        "bw_mean" : 0.000000,
        "bw_dev" : 0.000000,
        "bw_samples" : 0,
        "iops_min" : 0,
        "iops_max" : 0,
        "iops_mean" : 0.000000,
        "iops_stddev" : 0.000000,
        "iops_samples" : 0
      },
      "sync" : {
        "lat_ns" : {
          "min" : 0,
          "max" : 0,
          "mean" : 0.000000,
          "stddev" : 0.000000,
          "percentile" : {
            "1.000000" : 0,
            "5.000000" : 0,
            "10.000000" : 0,
            "20.000000" : 0,
            "30.000000" : 0,
            "40.000000" : 0,
            "50.000000" : 0,
            "60.000000" : 0,
            "70.000000" : 0,
            "80.000000" : 0,
            "90.000000" : 0,
            "95.000000" : 0,
            "99.000000" : 0,
            "99.500000" : 0,
            "99.900000" : 0,
            "99.950000" : 0,
            "99.990000" : 0
          }
        },
        "total_ios" : 0
      },
      "job_runtime" : 371,
      "usr_cpu" : 15.633423,
      "sys_cpu" : 36.118598,
      "ctx" : 4934,
      "majf" : 0,
      "minf" : 12,
      "iodepth_level" : {
        "1" : 0.100000,
        "2" : 0.100000,
        "4" : 0.100000,
        "8" : 0.100000,
        "16" : 0.100000,
        "32" : 99.810791,
        ">=64" : 0.000000
      },
      "iodepth_submit" : {
        "0" : 0.000000,
        "4" : 100.000000,
        "8" : 0.000000,
        "16" : 0.000000,
        "32" : 0.000000,
        "64" : 0.000000,
        ">=64" : 0.000000
      },
      "iodepth_complete" : {
        "0" : 0.000000,
        "4" : 99.993885,
        "8" : 0.000000,
        "16" : 0.000000,
        "32" : 0.100000,
        "64" : 0.000000,
        ">=64" : 0.000000
      },
      "latency_ns" : {
        "2" : 0.000000,
        "4" : 0.000000,
        "10" : 0.000000,
        "20" : 0.000000,
        "50" : 0.000000,
        "100" : 0.000000,
        "250" : 0.000000,
        "500" : 0.000000,
        "750" : 0.000000,
        "1000" : 0.000000
      },
      "latency_us" : {
        "2" : 0.000000,
        "4" : 0.000000,
        "10" : 0.000000,
        "20" : 0.000000,
        "50" : 15.026855,
        "100" : 9.930420,
        "250" : 5.633545,
        "500" : 9.313965,
        "750" : 15.747070,
        "1000" : 15.344238
      },
      "latency_ms" : {
        "2" : 25.494385,
        "4" : 3.509521,
        "10" : 0.000000,
        "20" : 0.000000,
        "50" : 0.000000,
        "100" : 0.000000,
        "250" : 0.000000,
        "500" : 0.000000,
        "750" : 0.000000,
        "1000" : 0.000000,
        "2000" : 0.000000,
        ">=2000" : 0.000000
      },
      "latency_depth" : 32,
      "latency_target" : 0,
      "latency_percentile" : 100.000000,
      "latency_window" : 0
    }
  ],
  "disk_util" : [
    {
      "name" : "nvme0n1",
      "read_ios" : 4460,
      "write_ios" : 1999,