{
  "fio version" : "fio-3.16",
  "timestamp" : 1698258965,
  "timestamp_ms" : 1698258965185,
  "time" : "Wed Oct 25 14:36:05 2023",
  "global options" : {
    "bs" : "4k",
    "iodepth" : "256",
    "rwmixread" : "70"
  },
  "jobs" : [
    {
      "jobname" : "Job1",
      "groupid" : 0,
      "error" : 0,
      "eta" : 2147483647,
      "elapsed" : 1,
      "job options" : {
        "ioengine" : "libaio",
        "numjobs" : "1",
        "direct" : "1",
        "fsync" : "0",
        "rw" : "randrw",
        "size" : "512m",
        "filename" : "/dev/nvme0n1p5"
      },
      "read" : {
        "io_bytes" : 376127488,
        "io_kbytes" : 367312,
        "bw_bytes" : 686364029,
        "bw" : 670277,
        "iops" : 167569.343066,
        "runtime" : 548,
        "total_ios" : 91828,
        "short_ios" : 0,
        "drop_ios" : 0,
        "slat_ns" : {
          "min" : 800,
          "max" : 68425,
          "mean" : 1540.680599,
          "stddev" : 1699.121619
        },
        "clat_ns" : {
          "min" : 211137,
          "max" : 20432526,
          "mean" : 1233499.319685,
          "stddev" : 847448.742573,
          "percentile" : {
            "1.000000" : 528384,
            "5.000000" : 692224,
            "10.000000" : 774144,
            "20.000000" : 872448,
            "30.000000" : 946176,
            "40.000000" : 1019904,
            "50.000000" : 1089536,
            "60.000000" : 1187840,
            "70.000000" : 1286144,
            "80.000000" : 1449984,
            "90.000000" : 1777664,
            "95.000000" : 2113536,
            "99.000000" : 2801664,
            "99.500000" : 2899968,
            "99.900000" : 15007744,
            "99.950000" : 18743296,
            "99.990000" : 19529728
          }
        },
        "lat_ns" : {
          "min" : 212671,
          "max" : 20433561,
          "mean" : 1235123.030829,
          "stddev" : 847659.805819
        },
        "bw_min" : 664864,
        "bw_max" : 664864,
        "bw_agg" : 99.192423,
        "bw_mean" : 664864.000000,
        "bw_dev" : 0.000000,
        "bw_samples" : 1,
        "iops_min" : 166216,
        "iops_max" : 166216,
        "iops_mean" : 166216.000000,
        "iops_stddev" : 0.000000,
        "iops_samples" : 1
      },
      "write" : {
        "io_bytes" : 160743424,
        "io_kbytes" : 156976,
        "bw_bytes" : 293327416,
        "bw" : 286452,
        "iops" : 71613.138686,
        "runtime" : 548,
        "total_ios" : 39244,
        "short_ios" : 0,
        "drop_ios" : 0,
        "slat_ns" : {
          "min" : 832,
          "max" : 36261,
          "mean" : 1780.635129,
          "stddev" : 1801.132185
        },
        "clat_ns" : {
          "min" : 57557,
          "max" : 13389722,
          "mean" : 667927.615839,
          "stddev" : 543139.812476,
          "percentile" : {
            "1.000000" : 321536,
            "5.000000" : 370688,
            "10.000000" : 399360,
            "20.000000" : 452608,
            "30.000000" : 497664,
            "40.000000" : 544768,
            "50.000000" : 593920,
            "60.000000" : 643072,
            "70.000000" : 692224,
            "80.000000" : 741376,
            "90.000000" : 839680,
            "95.000000" : 970752,
            "99.000000" : 2736128,
            "99.500000" : 2768896,
            "99.900000" : 9240576,
            "99.950000" : 9502720,
            "99.990000" : 13434880
          }
        },
        "lat_ns" : {
          "min" : 58619,
          "max" : 13405899,
          "mean" : 669790.157018,
          "stddev" : 543622.153185
        },
        "bw_min" : 284992,
        "bw_max" : 284992,
        "bw_agg" : 99.490316,
        "bw_mean" : 284992.000000,
        "bw_dev" : 0.000000,
        "bw_samples" : 1,
        "iops_min" : 71248,
        "iops_max" : 71248,
        "iops_mean" : 71248.000000,
        "iops_stddev" : 0.000000,
        "iops_samples" : 1
      },
      "trim" : {
        "io_bytes" : 0,
        "io_kbytes" : 0,
        "bw_bytes" : 0,
        "bw" : 0,
        "iops" : 0.000000,
        "runtime" : 0,
        "total_ios" : 0,
        "short_ios" : 0,
        "drop_ios" : 0,
        "slat_ns" : {
          "min" : 0,
          "max" : 0,
          "mean" : 0.000000,
          "stddev" : 0.000000
        },
        "clat_ns" : {
          "min" : 0,
          "max" : 0,
          "mean" : 0.000000,
          "stddev" : 0.000000,
          "percentile" : {
            "1.000000" : 0,
            "5.000000" : 0,
            "10.000000" : 0,
            "20.000000" : 0,
            "30.000000" : 0,
            "40.000000" : 0,
            "50.000000" : 0,
            "60.000000" : 0,
            "70.000000" : 0,
            "80.000000" : 0,
            "90.000000" : 0,
            "95.000000" : 0,
            "99.000000" : 0,
            "99.500000" : 0,
            "99.900000" : 0,
            "99.950000" : 0,
            "99.990000" : 0
          }
        },
        "lat_ns" : {
          "min" : 0,
          "max" : 0,
          "mean" : 0.000000,
          "stddev" : 0.000000
        },
        "bw_min" : 0,
        "bw_max" : 0,
        "bw_agg" : 0.000000,
        "bw_mean" : 0.000000,
        "bw_dev" : 0.000000,
        "bw_samples" : 0,
        "iops_min" : 0,
        "iops_max" : 0,
        "iops_mean" : 0.000000,
        "iops_stddev" : 0.000000,
        "iops_samples" : 0
      },
      "sync" : {
        "lat_ns" : {
          "min" : 0,
          "max" : 0,
          "mean" : 0.000000,
          "stddev" : 0.000000,
          "percentile" : {
            "1.000000" : 0,
            "5.000000" : 0,
            "10.000000" : 0,
            "20.000000" : 0,
            "30.000000" : 0,
            "40.000000" : 0,
            "50.000000" : 0,
            "60.000000" : 0,
            "70.000000" : 0,
            "80.000000" : 0,
            "90.000000" : 0,
            "95.000000" : 0,
            "99.000000" : 0,
            "99.500000" : 0,
            "99.900000" : 0,
            "99.950000" : 0,
            "99.990000" : 0
          }
        },
        "total_ios" : 0
      },
      "job_runtime" : 547,
      "usr_cpu" : 33.638026,
      "sys_cpu" : 32.541133,
      "ctx" : 13158,
      "majf" : 0,
      "minf" : 12,
      "iodepth_level" : {
        "1" : 0.100000,
        "2" : 0.100000,
        "4" : 0.100000,
        "8" : 0.100000,
        "16" : 0.100000,
        "32" : 0.100000,
        ">=64" : 99.951935
      },
      "iodepth_submit" : {
        "0" : 0.000000,
        "4" : 100.000000,
        "8" : 0.000000,
        "16" : 0.000000,
        "32" : 0.000000,
        "64" : 0.000000,
        ">=64" : 0.000000
      },
      "iodepth_complete" : {
        "0" : 0.000000,
        "4" : 99.999236,
        "8" : 0.000000,
        "16" : 0.000000,
        "32" : 0.000000,
        "64" : 0.000000,
        ">=64" : 0.100000
      },
      "latency_ns" : {
        "2" : 0.000000,
        "4" : 0.000000,
        "10" : 0.000000,
        "20" : 0.000000,
        "50" : 0.000000,
        "100" : 0.000000,
        "250" : 0.000000,
        "500" : 0.000000,
        "750" : 0.000000,
        "1000" : 0.000000
      },
      "latency_us" : {
        "2" : 0.000000,
        "4" : 0.000000,
        "10" : 0.000000,
        "20" : 0.000000,
        "50" : 0.000000,
        "100" : 0.012207,
        "250" : 0.053406,
        "500" : 9.441376,
        "750" : 20.434570,
        "1000" : 25.051117
      },
      "latency_ms" : {
        "2" : 39.843750,
        "4" : 4.827118,
        "10" : 0.179291,
        "20" : 0.154114,
        "50" : 0.010000,
        "100" : 0.000000,
        "250" : 0.000000,
        "500" : 0.000000,
        "750" : 0.000000,
        "1000" : 0.000000,
        "2000" : 0.000000,
        ">=2000" : 0.000000
      },
      "latency_depth" : 256,
      "latency_target" : 0,
      "latency_percentile" : 100.000000,
      "latency_window" : 0
    }
  ],