{
  "fio version" : "fio-3.16",
  "timestamp" : 1698258982,
  "timestamp_ms" : 1698258982625,
  "time" : "Wed Oct 25 14:36:22 2023",
  "global options" : {
    "bs" : "16k",
    "iodepth" : "1",
    "rwmixread" : "70"
  },
  "jobs" : [
    {
      "jobname" : "Job1",
      "groupid" : 0,
      "error" : 0,
      "eta" : 0,
      "elapsed" : 4,
      "job options" : {
        "ioengine" : "libaio",
        "numjobs" : "1",
        "direct" : "1",
        "fsync" : "0",
        "rw" : "randrw",
        "size" : "512m",
        "filename" : "/dev/nvme0n1p5"
      },
      "read" : {
        "io_bytes" : 376094720,
        "io_kbytes" : 367280,
        "bw_bytes" : 105142499,
        "bw" : 102678,
        "iops" : 6417.388873,
        "runtime" : 3577,
        "total_ios" : 22955,
        "short_ios" : 0,
        "drop_ios" : 0,
        "slat_ns" : {
          "min" : 1369,
          "max" : 210394,
          "mean" : 11593.459726,
          "stddev" : 9319.633591
        },
        "clat_ns" : {
          "min" : 4712,
          "max" : 4550295,
          "mean" : 118999.879678,
          "stddev" : 80832.971445,
          "percentile" : {
            "1.000000" : 56064,
            "5.000000" : 72192,
            "10.000000" : 78336,
            "20.000000" : 83456,
            "30.000000" : 89600,
            "40.000000" : 92672,
            "50.000000" : 97792,
            "60.000000" : 103936,
            "70.000000" : 124416,
            "80.000000" : 156672,
            "90.000000" : 171008,
            "95.000000" : 191488,
            "99.000000" : 387072,
            "99.500000" : 473088,
            "99.900000" : 569344,
            "99.950000" : 626688,
            "99.990000" : 4227072
          }
        },
        "lat_ns" : {
          "min" : 41402,
          "max" : 4569272,
          "mean" : 131019.360401,
          "stddev" : 83042.495650
        },
        "bw_min" : 94496,
        "bw_max" : 123232,
        "bw_agg" : 100.000000,
        "bw_mean" : 102934.857143,
        "bw_dev" : 12000.266156,
        "bw_samples" : 7,
        "iops_min" : 5906,
        "iops_max" : 7702,
        "iops_mean" : 6433.428571,
        "iops_stddev" : 750.016635,
        "iops_samples" : 7
      },
      "write" : {
        "io_bytes" : 160776192,
        "io_kbytes" : 157008,
        "bw_bytes" : 44947216,
        "bw" : 43893,
        "iops" : 2743.360358,
        "runtime" : 3577,
        "total_ios" : 9813,
        "short_ios" : 0,
        "drop_ios" : 0,
        "slat_ns" : {
          "min" : 1618,
          "max" : 165127,
          "mean" : 12854.065118,
          "stddev" : 9303.219618
        },
        "clat_ns" : {
          "min" : 2862,
          "max" : 524811,
          "mean" : 32484.396209,
          "stddev" : 16052.742342,
          "percentile" : {
            "1.000000" : 15552,
            "5.000000" : 15808,
            "10.000000" : 16512,
            "20.000000" : 23424,
            "30.000000" : 27264,
            "40.000000" : 27776,
            "50.000000" : 28032,
            "60.000000" : 29056,
            "70.000000" : 33536,
            "80.000000" : 40704,
            "90.000000" : 49920,
            "95.000000" : 59648,
            "99.000000" : 88576,
            "99.500000" : 113152,
            "99.900000" : 156672,
            "99.950000" : 181248,
            "99.990000" : 528384
          }
        },
        "lat_ns" : {
          "min" : 17167,
          "max" : 540174,
          "mean" : 45780.908489,
          "stddev" : 20191.375891
        },
        "bw_min" : 40224,
        "bw_max" : 51360,
        "bw_agg" : 100.000000,
        "bw_mean" : 43917.714286,
        "bw_dev" : 4069.239966,
        "bw_samples" : 7,
        "iops_min" : 2514,
        "iops_max" : 3210,
        "iops_mean" : 2744.857143,
        "iops_stddev" : 254.327498,
        "iops_samples" : 7
      },
      "trim" : {
        "io_bytes" : 0,
        "io_kbytes" : 0,
        "bw_bytes" : 0,
        "bw" : 0,
        "iops" : 0.000000,
        "runtime" : 0,
        "total_ios" : 0,
        "short_ios" : 0,
        "drop_ios" : 0,
        "slat_ns" : {
          "min" : 0,
          "max" : 0,
          "mean" : 0.000000,
          "stddev" : 0.000000
        },
        "clat_ns" : {
          "min" : 0,
          "max" : 0,
          "mean" : 0.000000,
          "stddev" : 0.000000,
          "percentile" : {
            "1.000000" : 0,
            "5.000000" : 0,
            "10.000000" : 0,
            "20.000000" : 0,
            "30.000000" : 0,
            "40.000000" : 0,
            "50.000000" : 0,
            "60.000000" : 0,
            "70.000000" : 0,
            "80.000000" : 0,
            "90.000000" : 0,
            "95.000000" : 0,
            "99.000000" : 0,
            "99.500000" : 0,
            "99.900000" : 0,
            "99.950000" : 0,
            "99.990000" : 0
          }
        },
        "lat_ns" : {
          "min" : 0,
          "max" : 0,
          "mean" : 0.000000,
          "stddev" : 0.000000
        },
        "bw_min" : 0,
        "bw_max" : 0,
        "bw_agg" : 0.000000,
        "bw_mean" : 0.000000,
        "bw_dev" : 0.000000,
        "bw_samples" : 0,
        "iops_min" : 0,
        "iops_max" : 0,
        "iops_mean" : 0.000000,
        "iops_stddev" : 0.000000,
        "iops_samples" : 0
      },
      "sync" : {
        "lat_ns" : {
          "min" : 0,
          "max" : 0,
          "mean" : 0.000000,
          "stddev" : 0.000000,
          "percentile" : {
            "1.000000" : 0,
            "5.000000" : 0,
            "10.000000" : 0,
            "20.000000" : 0,
            "30.000000" : 0,
            "40.000000" : 0,
            "50.000000" : 0,
            "60.000000" : 0,
            "70.000000" : 0,
            "80.000000" : 0,
            "90.000000" : 0,
            "95.000000" : 0,
            "99.000000" : 0,
            "99.500000" : 0,
            "99.900000" : 0,
            "99.950000" : 0,
            "99.990000" : 0
          }
        },
        "total_ios" : 0
      },
      "job_runtime" : 3576,
      "usr_cpu" : 9.284116,
      "sys_cpu" : 18.036913,
      "ctx" : 32779,
      "majf" : 0,
      "minf" : 12,
      "iodepth_level" : {
        "1" : 100.000000,
        "2" : 0.000000,
        "4" : 0.000000,
        "8" : 0.000000,
        "16" : 0.000000,
        "32" : 0.000000,
        ">=64" : 0.000000
      },
      "iodepth_submit" : {
        "0" : 0.000000,
        "4" : 100.000000,
        "8" : 0.000000,
        "16" : 0.000000,
        "32" : 0.000000,
        "64" : 0.000000,
        ">=64" : 0.000000
      },
      "iodepth_complete" : {
        "0" : 0.000000,
        "4" : 100.000000,
        "8" : 0.000000,
        "16" : 0.000000,
        "32" : 0.000000,
        "64" : 0.000000,
        ">=64" : 0.000000
      },
      "latency_ns" : {
        "2" : 0.000000,
        "4" : 0.000000,
        "10" : 0.000000,
        "20" : 0.000000,
        "50" : 0.000000,
        "100" : 0.000000,
        "250" : 0.000000,
        "500" : 0.000000,
        "750" : 0.000000,
        "1000" : 0.000000
      },
      "latency_us" : {
        "2" : 0.000000,
        "4" : 0.010000,
        "10" : 0.030518,
        "20" : 4.940796,
        "50" : 22.354126,
        "100" : 39.108276,
        "250" : 31.195068,
        "500" : 2.130127,
        "750" : 0.210571,
        "1000" : 0.010000
      },
      "latency_ms" : {
        "2" : 0.000000,
        "4" : 0.000000,
        "10" : 0.012207,
        "20" : 0.000000,
        "50" : 0.000000,
        "100" : 0.000000,
        "250" : 0.000000,
        "500" : 0.000000,
        "750" : 0.000000,
        "1000" : 0.000000,
        "2000" : 0.000000,
        ">=2000" : 0.000000
      },
      "latency_depth" : 1,
      "latency_target" : 0,
      "latency_percentile" : 100.000000,
      "latency_window" : 0
    }
  ],
  "disk_util" : [
    {
      "name" : "nvme0n1",
      "read_ios" : 21904,