{
  "fio version" : "fio-3.16",
  "timestamp" : 1698259019,
  "timestamp_ms" : 1698259019954,
  "time" : "Wed Oct 25 14:36:59 2023",
  "global options" : {
    "bs" : "32k",
    "iodepth" : "1024",
    "rwmixread" : "50"
  },
  "jobs" : [
    {
      "jobname" : "Job1",
      "groupid" : 0,
      "error" : 0,
      "eta" : 2147483647,
      "elapsed" : 1,
      "job options" : {
        "ioengine" : "libaio",
        "numjobs" : "1",
        "direct" : "1",
        "fsync" : "0",
        "rw" : "randrw",
        "size" : "512m",
        "filename" : "/dev/nvme0n1p5"
      },
      "read" : {
        "io_bytes" : 267386880,
        "io_kbytes" : 261120,
        "bw_bytes" : 673518589,
        "bw" : 657732,
        "iops" : 20554.156171,
        "runtime" : 397,
        "total_ios" : 8160,
        "short_ios" : 0,
        "drop_ios" : 0,
        "slat_ns" : {
          "min" : 1622,
          "max" : 5548606,
          "mean" : 17580.703186,
          "stddev" : 119214.590771
        },
        "clat_ns" : {
          "min" : 4937354,
          "max" : 70494767,
          "mean" : 27219581.156618,
          "stddev" : 8789488.030309,
          "percentile" : {
            "1.000000" : 5865472,
            "5.000000" : 10682368,
            "10.000000" : 19529728,
            "20.000000" : 25296896,
            "30.000000" : 25559040,
            "40.000000" : 25821184,
            "50.000000" : 26345472,
            "60.000000" : 26607616,
            "70.000000" : 27131904,
            "80.000000" : 27918336,
            "90.000000" : 41156608,
            "95.000000" : 43253760,
            "99.000000" : 66322432,
            "99.500000" : 67633152,
            "99.900000" : 68681728,
            "99.950000" : 68681728,
            "99.990000" : 70778880
          }
        },
        "lat_ns" : {
          "min" : 4940559,
          "max" : 70501549,
          "mean" : 27237311.950735,
          "stddev" : 8796606.518731
        },
        "bw_min" : 0,
        "bw_max" : 0,
        "bw_agg" : 0.000000,
        "bw_mean" : 0.000000,
        "bw_dev" : 0.000000,
        "bw_samples" : 0,
        "iops_min" : 0,
        "iops_max" : 0,
        "iops_mean" : 0.000000,
        "iops_stddev" : 0.000000,
        "iops_samples" : 0
      },
      "write" : {
        "io_bytes" : 269484032,
        "io_kbytes" : 263168,
        "bw_bytes" : 678801088,
        "bw" : 662891,
        "iops" : 20715.365239,
        "runtime" : 397,
        "total_ios" : 8224,
        "short_ios" : 0,
        "drop_ios" : 0,
        "slat_ns" : {
          "min" : 2073,
          "max" : 4377575,
          "mean" : 18765.810919,
          "stddev" : 107486.790048
        },
        "clat_ns" : {
          "min" : 328423,
          "max" : 51856034,
          "mean" : 21940466.698565,
          "stddev" : 7937790.547303,
          "percentile" : {
            "1.000000" : 2023424,
            "5.000000" : 5406720,
            "10.000000" : 13565952,
            "20.000000" : 20316160,
            "30.000000" : 20578304,
            "40.000000" : 20840448,
            "50.000000" : 21102592,
            "60.000000" : 21626880,
            "70.000000" : 21889024,
            "80.000000" : 22151168,
            "90.000000" : 36438016,
            "95.000000" : 39059456,
            "99.000000" : 43778048,
            "99.500000" : 45350912,
            "99.900000" : 46923776,
            "99.950000" : 47448064,
            "99.990000" : 51642368
          }
        },
        "lat_ns" : {
          "min" : 333136,
          "max" : 51861303,
          "mean" : 21959387.554961,
          "stddev" : 7942417.142994
        },
        "bw_min" : 0,
        "bw_max" : 0,
        "bw_agg" : 0.000000,
        "bw_mean" : 0.000000,
        "bw_dev" : 0.000000,
        "bw_samples" : 0,
        "iops_min" : 0,
        "iops_max" : 0,
        "iops_mean" : 0.000000,
        "iops_stddev" : 0.000000,
        "iops_samples" : 0
      },
      "trim" : {
        "io_bytes" : 0,
        "io_kbytes" : 0,
        "bw_bytes" : 0,
        "bw" : 0,
        "iops" : 0.000000,
        "runtime" : 0,
        "total_ios" : 0,
        "short_ios" : 0,
        "drop_ios" : 0,
        "slat_ns" : {
          "min" : 0,
          "max" : 0,
          "mean" : 0.000000,
          "stddev" : 0.000000
        },
        "clat_ns" : {
          "min" : 0,
          "max" : 0,
          "mean" : 0.000000,
          "stddev" : 0.000000,
          "percentile" : {
            "1.000000" : 0,
            "5.000000" : 0,
            "10.000000" : 0,
            "20.000000" : 0,
            "30.000000" : 0,
            "40.000000" : 0,
            "50.000000" : 0,
            "60.000000" : 0,
            "70.000000" : 0,
            "80.000000" : 0,
            "90.000000" : 0,
            "95.000000" : 0,
            "99.000000" : 0,
            "99.500000" : 0,
            "99.900000" : 0,
            "99.950000" : 0,
            "99.990000" : 0
          }
        },
        "lat_ns" : {
          "min" : 0,
          "max" : 0,
          "mean" : 0.000000,
          "stddev" : 0.000000
        },
        "bw_min" : 0,
        "bw_max" : 0,
        "bw_agg" : 0.000000,
        "bw_mean" : 0.000000,
        "bw_dev" : 0.000000,
        "bw_samples" : 0,
        "iops_min" : 0,
        "iops_max" : 0,
        "iops_mean" : 0.000000,
        "iops_stddev" : 0.000000,
        "iops_samples" : 0
      },
      "sync" : {
        "lat_ns" : {
          "min" : 0,
          "max" : 0,
          "mean" : 0.000000,
          "stddev" : 0.000000,
          "percentile" : {
            "1.000000" : 0,
            "5.000000" : 0,
            "10.000000" : 0,
            "20.000000" : 0,
            "30.000000" : 0,
            "40.000000" : 0,
            "50.000000" : 0,
            "60.000000" : 0,
            "70.000000" : 0,
            "80.000000" : 0,
            "90.000000" : 0,
            "95.000000" : 0,
            "99.000000" : 0,
            "99.500000" : 0,
            "99.900000" : 0,
            "99.950000" : 0,
            "99.990000" : 0
          }
        },
        "total_ios" : 0
      },
      "job_runtime" : 396,
      "usr_cpu" : 12.121212,
      "sys_cpu" : 19.696970,
      "ctx" : 1982,
      "majf" : 0,
      "minf" : 13,
      "iodepth_level" : {
        "1" : 0.100000,
        "2" : 0.100000,
        "4" : 0.100000,
        "8" : 0.100000,
        "16" : 0.100000,
        "32" : 0.195312,
        ">=64" : 99.615479
      },
      "iodepth_submit" : {
        "0" : 0.000000,
        "4" : 100.000000,
        "8" : 0.000000,
        "16" : 0.000000,
        "32" : 0.000000,
        "64" : 0.000000,
        ">=64" : 0.000000
      },
      "iodepth_complete" : {
        "0" : 0.000000,
        "4" : 99.993490,
        "8" : 0.000000,
        "16" : 0.000000,
        "32" : 0.000000,
        "64" : 0.000000,
        ">=64" : 0.100000
      },
      "latency_ns" : {
        "2" : 0.000000,
        "4" : 0.000000,
        "10" : 0.000000,
        "20" : 0.000000,
        "50" : 0.000000,
        "100" : 0.000000,
        "250" : 0.000000,
        "500" : 0.000000,
        "750" : 0.000000,
        "1000" : 0.000000
      },
      "latency_us" : {
        "2" : 0.000000,
        "4" : 0.000000,
        "10" : 0.000000,
        "20" : 0.000000,
        "50" : 0.000000,
        "100" : 0.000000,
        "250" : 0.000000,
        "500" : 0.024414,
        "750" : 0.042725,
        "1000" : 0.054932
      },
      "latency_ms" : {
        "2" : 0.366211,
        "4" : 0.231934,
        "10" : 5.450439,
        "20" : 7.012939,
        "50" : 86.181641,
        "100" : 0.634766,
        "250" : 0.000000,
        "500" : 0.000000,
        "750" : 0.000000,
        "1000" : 0.000000,
        "2000" : 0.000000,
        ">=2000" : 0.000000
      },
      "latency_depth" : 1024,
      "latency_target" : 0,
      "latency_percentile" : 100.000000,
      "latency_window" : 0
    }
  ],