{
  "fio version" : "fio-3.16",
  "timestamp" : 1698259006,
  "timestamp_ms" : 1698259006515,
  "time" : "Wed Oct 25 14:36:46 2023",
  "global options" : {
    "bs" : "32k",
    "iodepth" : "1",
    "rwmixread" : "70"
  },
  "jobs" : [
    {
      "jobname" : "Job1",
      "groupid" : 0,
      "error" : 0,
      "eta" : 0,
      "elapsed" : 3,
      "job options" : {
        "ioengine" : "libaio",
        "numjobs" : "1",
        "direct" : "1",
        "fsync" : "0",
        "rw" : "randrw",
        "size" : "512m",
        "filename" : "/dev/nvme0n1p5"
      },
      "read" : {
        "io_bytes" : 375422976,
        "io_kbytes" : 366624,
        "bw_bytes" : 180231865,
        "bw" : 176007,
        "iops" : 5500.240038,
        "runtime" : 2083,
        "total_ios" : 11457,
        "short_ios" : 0,
        "drop_ios" : 0,
        "slat_ns" : {
          "min" : 1657,
          "max" : 218663,
          "mean" : 13553.040848,
          "stddev" : 10921.000608
        },
        "clat_ns" : {
          "min" : 4528,
          "max" : 702683,
          "mean" : 136959.593960,
          "stddev" : 57757.250933,
          "percentile" : {
            "1.000000" : 72192,
            "5.000000" : 90624,
            "10.000000" : 91648,
            "20.000000" : 96768,
            "30.000000" : 102912,
            "40.000000" : 105984,
            "50.000000" : 114176,
            "60.000000" : 134144,
            "70.000000" : 146432,
            "80.000000" : 175104,
            "90.000000" : 189440,
            "95.000000" : 254976,
            "99.000000" : 350208,
            "99.500000" : 378880,
            "99.900000" : 536576,
            "99.950000" : 610304,
            "99.990000" : 692224
          }
        },
        "lat_ns" : {
          "min" : 60300,
          "max" : 713526,
          "mean" : 150966.868203,
          "stddev" : 62134.335730
        },
        "bw_min" : 158016,
        "bw_max" : 211968,
        "bw_agg" : 98.150926,
        "bw_mean" : 172752.500000,
        "bw_dev" : 26202.698303,
        "bw_samples" : 4,
        "iops_min" : 4938,
        "iops_max" : 6624,
        "iops_mean" : 5398.500000,
        "iops_stddev" : 818.845325,
        "iops_samples" : 4
      },
      "write" : {
        "io_bytes" : 161447936,
        "io_kbytes" : 157664,
        "bw_bytes" : 77507410,
        "bw" : 75690,
        "iops" : 2365.338454,
        "runtime" : 2083,
        "total_ios" : 4927,
        "short_ios" : 0,
        "drop_ios" : 0,
        "slat_ns" : {
          "min" : 1996,
          "max" : 59971,
          "mean" : 15667.917800,
          "stddev" : 10792.627485
        },
        "clat_ns" : {
          "min" : 2389,
          "max" : 243186,
          "mean" : 42441.508626,
          "stddev" : 19031.709825,
          "percentile" : {
            "1.000000" : 20864,
            "5.000000" : 21120,
            "10.000000" : 21120,
            "20.000000" : 27008,
            "30.000000" : 33024,
            "40.000000" : 33536,
            "50.000000" : 36608,
            "60.000000" : 45824,
            "70.000000" : 51968,
            "80.000000" : 54016,
            "90.000000" : 58624,
            "95.000000" : 73216,
            "99.000000" : 121344,
            "99.500000" : 130560,
            "99.900000" : 142336,
            "99.950000" : 146432,
            "99.990000" : 242688
          }
        },
        "lat_ns" : {
          "min" : 22902,
          "max" : 276951,
          "mean" : 58573.747108,
          "stddev" : 26320.862970
        },
        "bw_min" : 65088,
        "bw_max" : 90176,
        "bw_agg" : 97.995112,
        "bw_mean" : 74172.500000,
        "bw_dev" : 10994.618123,
        "bw_samples" : 4,
        "iops_min" : 2034,
        "iops_max" : 2818,
        "iops_mean" : 2317.750000,
        "iops_stddev" : 343.637770,
        "iops_samples" : 4
      },
      "trim" : {
        "io_bytes" : 0,
        "io_kbytes" : 0,
        "bw_bytes" : 0,
        "bw" : 0,
        "iops" : 0.000000,
        "runtime" : 0,
        "total_ios" : 0,
        "short_ios" : 0,
        "drop_ios" : 0,
        "slat_ns" : {
          "min" : 0,
          "max" : 0,
          "mean" : 0.000000,
          "stddev" : 0.000000
        },
        "clat_ns" : {
          "min" : 0,
          "max" : 0,
          "mean" : 0.000000,
          "stddev" : 0.000000,
          "percentile" : {
            "1.000000" : 0,
            "5.000000" : 0,
            "10.000000" : 0,
            "20.000000" : 0,
            "30.000000" : 0,
            "40.000000" : 0,
            "50.000000" : 0,
            "60.000000" : 0,
            "70.000000" : 0,
            "80.000000" : 0,
            "90.000000" : 0,
            "95.000000" : 0,
            "99.000000" : 0,
            "99.500000" : 0,
            "99.900000" : 0,
            "99.950000" : 0,
            "99.990000" : 0
          }
        },
        "lat_ns" : {
          "min" : 0,
          "max" : 0,
          "mean" : 0.000000,
          "stddev" : 0.000000
        },
        "bw_min" : 0,
        "bw_max" : 0,
        "bw_agg" : 0.000000,
        "bw_mean" : 0.000000,
        "bw_dev" : 0.000000,
        "bw_samples" : 0,
        "iops_min" : 0,
        "iops_max" : 0,
        "iops_mean" : 0.000000,
        "iops_stddev" : 0.000000,
        "iops_samples" : 0
      },
      "sync" : {
        "lat_ns" : {
          "min" : 0,
          "max" : 0,
          "mean" : 0.000000,
          "stddev" : 0.000000,
          "percentile" : {
            "1.000000" : 0,
            "5.000000" : 0,
            "10.000000" : 0,
            "20.000000" : 0,
            "30.000000" : 0,
            "40.000000" : 0,
            "50.000000" : 0,
            "60.000000" : 0,
            "70.000000" : 0,
            "80.000000" : 0,
            "90.000000" : 0,
            "95.000000" : 0,
            "99.000000" : 0,
            "99.500000" : 0,
            "99.900000" : 0,
            "99.950000" : 0,
            "99.990000" : 0
          }
        },
        "total_ios" : 0
      },
      "job_runtime" : 2082,
      "usr_cpu" : 9.894332,
      "sys_cpu" : 16.522574,
      "ctx" : 16393,
      "majf" : 0,
      "minf" : 12,
      "iodepth_level" : {
        "1" : 100.000000,
        "2" : 0.000000,
        "4" : 0.000000,
        "8" : 0.000000,
        "16" : 0.000000,
        "32" : 0.000000,
        ">=64" : 0.000000
      },
      "iodepth_submit" : {
        "0" : 0.000000,
        "4" : 100.000000,
        "8" : 0.000000,
        "16" : 0.000000,
        "32" : 0.000000,
        "64" : 0.000000,
        ">=64" : 0.000000
      },
      "iodepth_complete" : {
        "0" : 0.000000,
        "4" : 100.000000,
        "8" : 0.000000,
        "16" : 0.000000,
        "32" : 0.000000,
        "64" : 0.000000,
        ">=64" : 0.000000
      },
      "latency_ns" : {
        "2" : 0.000000,
        "4" : 0.000000,
        "10" : 0.000000,
        "20" : 0.000000,
        "50" : 0.000000,
        "100" : 0.000000,
        "250" : 0.000000,
        "500" : 0.000000,
        "750" : 0.000000,
        "1000" : 0.000000
      },
      "latency_us" : {
        "2" : 0.000000,
        "4" : 0.010000,
        "10" : 0.018311,
        "20" : 0.010000,
        "50" : 19.500732,
        "100" : 25.012207,
        "250" : 51.818848,
        "500" : 3.552246,
        "750" : 0.085449,
        "1000" : 0.000000
      },
      "latency_ms" : {
        "2" : 0.000000,
        "4" : 0.000000,
        "10" : 0.000000,
        "20" : 0.000000,
        "50" : 0.000000,
        "100" : 0.000000,
        "250" : 0.000000,
        "500" : 0.000000,
        "750" : 0.000000,
        "1000" : 0.000000,
        "2000" : 0.000000,
        ">=2000" : 0.000000
      },
      "latency_depth" : 1,
      "latency_target" : 0,
      "latency_percentile" : 100.000000,
      "latency_window" : 0
    }
  ],
  "disk_util" : [
    {
      "name" : "nvme0n1",
      "read_ios" : 10011,