{
  "fio version" : "fio-3.16",
  "timestamp" : 1698259048,
  "timestamp_ms" : 1698259048347,
  "time" : "Wed Oct 25 14:37:28 2023",
  "global options" : {
    "bs" : "256k",
    "iodepth" : "8",
    "rwmixread" : "70"
  },
  "jobs" : [
    {
      "jobname" : "Job1",
      "groupid" : 0,
      "error" : 0,
      "eta" : 2147483647,
      "elapsed" : 1,
      "job options" : {
        "ioengine" : "libaio",
        "numjobs" : "1",
        "direct" : "1",
        "fsync" : "0",
        "rw" : "randrw",
        "size" : "512m",
        "filename" : "/dev/nvme0n1p5"
      },
      "read" : {
        "io_bytes" : 373817344,
        "io_kbytes" : 365056,
        "bw_bytes" : 1153757234,
        "bw" : 1126716,
        "iops" : 4401.234568,
        "runtime" : 324,
        "total_ios" : 1426,
        "short_ios" : 0,
        "drop_ios" : 0,
        "slat_ns" : {
          "min" : 21535,
          "max" : 91517,
          "mean" : 33543.380785,
          "stddev" : 12301.616522
        },
        "clat_ns" : {
          "min" : 308784,
          "max" : 19445825,
          "mean" : 1649513.370266,
          "stddev" : 1242598.050030,
          "percentile" : {
            "1.000000" : 497664,
            "5.000000" : 634880,
            "10.000000" : 765952,
            "20.000000" : 1028096,
            "30.000000" : 1236992,
            "40.000000" : 1400832,
            "50.000000" : 1548288,
            "60.000000" : 1712128,
            "70.000000" : 1875968,
            "80.000000" : 2039808,
            "90.000000" : 2310144,
            "95.000000" : 2572288,
            "99.000000" : 3555328,
            "99.500000" : 10682368,
            "99.900000" : 19005440,
            "99.950000" : 19529728,
            "99.990000" : 19529728
          }
        },
        "lat_ns" : {
          "min" : 381576,
          "max" : 19494350,
          "mean" : 1683645.819776,
          "stddev" : 1242048.118484
        },
        "bw_min" : 0,
        "bw_max" : 0,
        "bw_agg" : 0.000000,
        "bw_mean" : 0.000000,
        "bw_dev" : 0.000000,
        "bw_samples" : 0,
        "iops_min" : 0,
        "iops_max" : 0,
        "iops_mean" : 0.000000,
        "iops_stddev" : 0.000000,
        "iops_samples" : 0
      },
      "write" : {
        "io_bytes" : 163053568,
        "io_kbytes" : 159232,
        "bw_bytes" : 503251753,
        "bw" : 491456,
        "iops" : 1919.753086,
        "runtime" : 324,
        "total_ios" : 622,
        "short_ios" : 0,
        "drop_ios" : 0,
        "slat_ns" : {
          "min" : 30191,
          "max" : 109519,
          "mean" : 53703.713826,
          "stddev" : 13662.894522
        },
        "clat_ns" : {
          "min" : 107907,
          "max" : 546491,
          "mean" : 228422.993569,
          "stddev" : 76232.112450,
          "percentile" : {
            "1.000000" : 114176,
            "5.000000" : 127488,
            "10.000000" : 136192,
            "20.000000" : 160768,
            "30.000000" : 185344,
            "40.000000" : 201728,
            "50.000000" : 216064,
            "60.000000" : 234496,
            "70.000000" : 259072,
            "80.000000" : 292864,
            "90.000000" : 337920,
            "95.000000" : 366592,
            "99.000000" : 436224,
            "99.500000" : 518144,
            "99.900000" : 544768,
            "99.950000" : 544768,
            "99.990000" : 544768
          }
        },
        "lat_ns" : {
          "min" : 146663,
          "max" : 594506,
          "mean" : 282781.361736,
          "stddev" : 76703.308955
        },
        "bw_min" : 0,
        "bw_max" : 0,
        "bw_agg" : 0.000000,
        "bw_mean" : 0.000000,
        "bw_dev" : 0.000000,
        "bw_samples" : 0,
        "iops_min" : 0,
        "iops_max" : 0,
        "iops_mean" : 0.000000,
        "iops_stddev" : 0.000000,
        "iops_samples" : 0
      },
      "trim" : {
        "io_bytes" : 0,
        "io_kbytes" : 0,
        "bw_bytes" : 0,
        "bw" : 0,
        "iops" : 0.000000,
        "runtime" : 0,
        "total_ios" : 0,
        "short_ios" : 0,
        "drop_ios" : 0,
        "slat_ns" : {
          "min" : 0,
          "max" : 0,
          "mean" : 0.000000,
          "stddev" : 0.000000
        },
        "clat_ns" : {
          "min" : 0,
          "max" : 0,
          "mean" : 0.000000,
          "stddev" : 0.000000,
          "percentile" : {
            "1.000000" : 0,
            "5.000000" : 0,
            "10.000000" : 0,
            "20.000000" : 0,
            "30.000000" : 0,
            "40.000000" : 0,
            "50.000000" : 0,
            "60.000000" : 0,
            "70.000000" : 0,
            "80.000000" : 0,
            "90.000000" : 0,
            "95.000000" : 0,
            "99.000000" : 0,
            "99.500000" : 0,
            "99.900000" : 0,
            "99.950000" : 0,
            "99.990000" : 0
          }
        },
        "lat_ns" : {
          "min" : 0,
          "max" : 0,
          "mean" : 0.000000,
          "stddev" : 0.000000
        },
        "bw_min" : 0,
        "bw_max" : 0,
        "bw_agg" : 0.000000,
        "bw_mean" : 0.000000,
        "bw_dev" : 0.000000,
        "bw_samples" : 0,
        "iops_min" : 0,
        "iops_max" : 0,
        "iops_mean" : 0.000000,
        "iops_stddev" : 0.000000,
        "iops_samples" : 0
      },
      "sync" : {
        "lat_ns" : {
          "min" : 0,
          "max" : 0,
          "mean" : 0.000000,
          "stddev" : 0.000000,
          "percentile" : {
            "1.000000" : 0,
            "5.000000" : 0,
            "10.000000" : 0,
            "20.000000" : 0,
            "30.000000" : 0,
            "40.000000" : 0,
            "50.000000" : 0,
            "60.000000" : 0,
            "70.000000" : 0,
            "80.000000" : 0,
            "90.000000" : 0,
            "95.000000" : 0,
            "99.000000" : 0,
            "99.500000" : 0,
            "99.900000" : 0,
            "99.950000" : 0,
            "99.990000" : 0
          }
        },
        "total_ios" : 0
      },
      "job_runtime" : 323,
      "usr_cpu" : 12.074303,
      "sys_cpu" : 26.006192,
      "ctx" : 972,
      "majf" : 0,
      "minf" : 12,
      "iodepth_level" : {
        "1" : 0.100000,
        "2" : 0.100000,
        "4" : 0.195312,
        "8" : 99.658203,
        "16" : 0.000000,
        "32" : 0.000000,
        ">=64" : 0.000000
      },
      "iodepth_submit" : {
        "0" : 0.000000,
        "4" : 100.000000,
        "8" : 0.000000,
        "16" : 0.000000,
        "32" : 0.000000,
        "64" : 0.000000,
        ">=64" : 0.000000
      },
      "iodepth_complete" : {
        "0" : 0.000000,
        "4" : 99.951028,
        "8" : 0.100000,
        "16" : 0.000000,
        "32" : 0.000000,
        "64" : 0.000000,
        ">=64" : 0.000000
      },
      "latency_ns" : {
        "2" : 0.000000,
        "4" : 0.000000,
        "10" : 0.000000,
        "20" : 0.000000,
        "50" : 0.000000,
        "100" : 0.000000,
        "250" : 0.000000,
        "500" : 0.000000,
        "750" : 0.000000,
        "1000" : 0.000000
      },
      "latency_us" : {
        "2" : 0.000000,
        "4" : 0.000000,
        "10" : 0.000000,
        "20" : 0.000000,
        "50" : 0.000000,
        "100" : 0.000000,
        "250" : 20.263672,
        "500" : 10.742188,
        "750" : 5.908203,
        "1000" : 6.835938
      },
      "latency_ms" : {
        "2" : 40.478516,
        "4" : 15.136719,
        "10" : 0.244141,
        "20" : 0.390625,
        "50" : 0.000000,
        "100" : 0.000000,
        "250" : 0.000000,
        "500" : 0.000000,
        "750" : 0.000000,
        "1000" : 0.000000,
        "2000" : 0.000000,
        ">=2000" : 0.000000
      },
      "latency_depth" : 8,
      "latency_target" : 0,
      "latency_percentile" : 100.000000,
      "latency_window" : 0
    }
  ],
  "disk_util" : [
    {
      "name" : "nvme0n1",
      "read_ios" : 692,