{
  "fio version" : "fio-3.16",
  "timestamp" : 1698259058,
  "timestamp_ms" : 1698259058242,
  "time" : "Wed Oct 25 14:37:38 2023",
  "global options" : {
    "bs" : "256k",
    "iodepth" : "1024",
    "rwmixread" : "50"
  },
  "jobs" : [
    {
      "jobname" : "Job1",
      "groupid" : 0,
      "error" : 0,
      "eta" : 2147483647,
      "elapsed" : 1,
      "job options" : {
        "ioengine" : "libaio",
        "numjobs" : "1",
        "direct" : "1",
        "fsync" : "0",
        "rw" : "randrw",
        "size" : "512m",
        "filename" : "/dev/nvme0n1p5"
      },
      "read" : {
        "io_bytes" : 260571136,
        "io_kbytes" : 254464,
        "bw_bytes" : 746622166,
        "bw" : 729123,
        "iops" : 2848.137536,
        "runtime" : 349,
        "total_ios" : 994,
        "short_ios" : 0,
        "drop_ios" : 0,
        "slat_ns" : {
          "min" : 4539,
          "max" : 2131642,
          "mean" : 59791.637827,
          "stddev" : 254069.888473
        },
        "clat_ns" : {
          "min" : 16433693,
          "max" : 332966729,
          "mean" : 172358300.655935,
          "stddev" : 110871390.753863,
          "percentile" : {
            "1.000000" : 16908288,
            "5.000000" : 19267584,
            "10.000000" : 29491200,
            "20.000000" : 50069504,
            "30.000000" : 82313216,
            "40.000000" : 111673344,
            "50.000000" : 183500800,
            "60.000000" : 217055232,
            "70.000000" : 265289728,
            "80.000000" : 295698432,
            "90.000000" : 325058560,
            "95.000000" : 329252864,
            "99.000000" : 333447168,
            "99.500000" : 333447168,
            "99.900000" : 333447168,
            "99.950000" : 333447168,
            "99.990000" : 333447168
          }
        },
        "lat_ns" : {
          "min" : 16463041,
          "max" : 332977084,
          "mean" : 172418341.193159,
          "stddev" : 110912151.137636
        },
        "bw_min" : 0,
        "bw_max" : 0,
        "bw_agg" : 0.000000,
        "bw_mean" : 0.000000,
        "bw_dev" : 0.000000,
        "bw_samples" : 0,
        "iops_min" : 0,
        "iops_max" : 0,
        "iops_mean" : 0.000000,
        "iops_stddev" : 0.000000,
        "iops_samples" : 0
      },
      "write" : {
        "io_bytes" : 276299776,
        "io_kbytes" : 269824,
        "bw_bytes" : 791689902,
        "bw" : 773134,
        "iops" : 3020.057307,
        "runtime" : 349,
        "total_ios" : 1054,
        "short_ios" : 0,
        "drop_ios" : 0,
        "slat_ns" : {
          "min" : 7471,
          "max" : 2286577,
          "mean" : 78100.544592,
          "stddev" : 267571.409882
        },
        "clat_ns" : {
          "min" : 16422582,
          "max" : 332441602,
          "mean" : 167673880.494307,
          "stddev" : 109371394.009874,
          "percentile" : {
            "1.000000" : 16449536,
            "5.000000" : 16908288,
            "10.000000" : 25559040,
            "20.000000" : 50593792,
            "30.000000" : 77070336,
            "40.000000" : 107479040,
            "50.000000" : 149946368,
            "60.000000" : 210763776,
            "70.000000" : 252706816,
            "80.000000" : 291504128,
            "90.000000" : 325058560,
            "95.000000" : 329252864,
            "99.000000" : 333447168,
            "99.500000" : 333447168,
            "99.900000" : 333447168,
            "99.950000" : 333447168,
            "99.990000" : 333447168
          }
        },
        "lat_ns" : {
          "min" : 16436527,
          "max" : 332462494,
          "mean" : 167752226.201138,
          "stddev" : 109413023.727381
        },
        "bw_min" : 0,
        "bw_max" : 0,
        "bw_agg" : 0.000000,
        "bw_mean" : 0.000000,
        "bw_dev" : 0.000000,
        "bw_samples" : 0,
        "iops_min" : 0,
        "iops_max" : 0,
        "iops_mean" : 0.000000,
        "iops_stddev" : 0.000000,
        "iops_samples" : 0
      },
      "trim" : {
        "io_bytes" : 0,
        "io_kbytes" : 0,
        "bw_bytes" : 0,
        "bw" : 0,
        "iops" : 0.000000,
        "runtime" : 0,
        "total_ios" : 0,
        "short_ios" : 0,
        "drop_ios" : 0,
        "slat_ns" : {
          "min" : 0,
          "max" : 0,
          "mean" : 0.000000,
          "stddev" : 0.000000
        },
        "clat_ns" : {
          "min" : 0,
          "max" : 0,
          "mean" : 0.000000,
          "stddev" : 0.000000,
          "percentile" : {
            "1.000000" : 0,
            "5.000000" : 0,
            "10.000000" : 0,
            "20.000000" : 0,
            "30.000000" : 0,
            "40.000000" : 0,
            "50.000000" : 0,
            "60.000000" : 0,
            "70.000000" : 0,
            "80.000000" : 0,
            "90.000000" : 0,
            "95.000000" : 0,
            "99.000000" : 0,
            "99.500000" : 0,
            "99.900000" : 0,
            "99.950000" : 0,
            "99.990000" : 0
          }
        },
        "lat_ns" : {
          "min" : 0,
          "max" : 0,
          "mean" : 0.000000,
          "stddev" : 0.000000
        },
        "bw_min" : 0,
        "bw_max" : 0,
        "bw_agg" : 0.000000,
        "bw_mean" : 0.000000,
        "bw_dev" : 0.000000,
        "bw_samples" : 0,
        "iops_min" : 0,
        "iops_max" : 0,
        "iops_mean" : 0.000000,
        "iops_stddev" : 0.000000,
        "iops_samples" : 0
      },
      "sync" : {
        "lat_ns" : {
          "min" : 0,
          "max" : 0,
          "mean" : 0.000000,
          "stddev" : 0.000000,
          "percentile" : {
            "1.000000" : 0,
            "5.000000" : 0,
            "10.000000" : 0,
            "20.000000" : 0,
            "30.000000" : 0,
            "40.000000" : 0,
            "50.000000" : 0,
            "60.000000" : 0,
            "70.000000" : 0,
            "80.000000" : 0,
            "90.000000" : 0,
            "95.000000" : 0,
            "99.000000" : 0,
            "99.500000" : 0,
            "99.900000" : 0,
            "99.950000" : 0,
            "99.990000" : 0
          }
        },
        "total_ios" : 0
      },
      "job_runtime" : 348,
      "usr_cpu" : 11.206897,
      "sys_cpu" : 11.494253,
      "ctx" : 792,
      "majf" : 0,
      "minf" : 14,
      "iodepth_level" : {
        "1" : 0.100000,
        "2" : 0.100000,
        "4" : 0.195312,
        "8" : 0.390625,
        "16" : 0.781250,
        "32" : 1.562500,
        ">=64" : 96.923828
      },
      "iodepth_submit" : {
        "0" : 0.000000,
        "4" : 100.000000,
        "8" : 0.000000,
        "16" : 0.000000,
        "32" : 0.000000,
        "64" : 0.000000,
        ">=64" : 0.000000
      },
      "iodepth_complete" : {
        "0" : 0.000000,
        "4" : 99.902534,
        "8" : 0.000000,
        "16" : 0.000000,
        "32" : 0.000000,
        "64" : 0.000000,
        ">=64" : 0.100000
      },
      "latency_ns" : {
        "2" : 0.000000,
        "4" : 0.000000,
        "10" : 0.000000,
        "20" : 0.000000,
        "50" : 0.000000,
        "100" : 0.000000,
        "250" : 0.000000,
        "500" : 0.000000,
        "750" : 0.000000,
        "1000" : 0.000000
      },
      "latency_us" : {
        "2" : 0.000000,
        "4" : 0.000000,
        "10" : 0.000000,
        "20" : 0.000000,
        "50" : 0.000000,
        "100" : 0.000000,
        "250" : 0.000000,
        "500" : 0.000000,
        "750" : 0.000000,
        "1000" : 0.000000
      },
      "latency_ms" : {
        "2" : 0.000000,
        "4" : 0.000000,
        "10" : 0.000000,
        "20" : 6.152344,
        "50" : 13.476562,
        "100" : 16.845703,
        "250" : 30.664062,
        "500" : 32.861328,
        "750" : 0.000000,
        "1000" : 0.000000,
        "2000" : 0.000000,
        ">=2000" : 0.000000
      },
      "latency_depth" : 1024,
      "latency_target" : 0,
      "latency_percentile" : 100.000000,