{
  "fio version" : "fio-3.16",
  "timestamp" : 1698258964,
  "timestamp_ms" : 1698258964080,
  "time" : "Wed Oct 25 14:36:04 2023",
  "global options" : {
    "bs" : "4k",
    "iodepth" : "256",
    "rwmixread" : "50"
  },
  "jobs" : [
    {
      "jobname" : "Job1",
      "groupid" : 0,
      "error" : 0,
      "eta" : 2147483647,
      "elapsed" : 1,
      "job options" : {
        "ioengine" : "libaio",
        "numjobs" : "1",
        "direct" : "1",
        "fsync" : "0",
        "rw" : "randrw",
        "size" : "512m",
        "filename" : "/dev/nvme0n1p5"
      },
      "read" : {
        "io_bytes" : 269160448,
        "io_kbytes" : 262852,
        "bw_bytes" : 545964397,
        "bw" : 533168,
        "iops" : 133292.089249,
        "runtime" : 493,
        "total_ios" : 65713,
        "short_ios" : 0,
        "drop_ios" : 0,
        "slat_ns" : {
          "min" : 783,
          "max" : 56911,
          "mean" : 1383.696818,
          "stddev" : 1596.178167
        },
        "clat_ns" : {
          "min" : 269637,
          "max" : 5037730,
          "mean" : 1325287.817616,
          "stddev" : 502043.179633,
          "percentile" : {
            "1.000000" : 561152,
            "5.000000" : 741376,
            "10.000000" : 864256,
            "20.000000" : 995328,
            "30.000000" : 1089536,
            "40.000000" : 1155072,
            "50.000000" : 1220608,
            "60.000000" : 1302528,
            "70.000000" : 1384448,
            "80.000000" : 1499136,
            "90.000000" : 1875968,
            "95.000000" : 2506752,
            "99.000000" : 3194880,
            "99.500000" : 3391488,
            "99.900000" : 3719168,
            "99.950000" : 3883008,
            "99.990000" : 4358144
          }
        },
        "lat_ns" : {
          "min" : 270635,
          "max" : 5039272,
          "mean" : 1326746.328443,
          "stddev" : 502019.939545
        },
        "bw_min" : 0,
        "bw_max" : 0,
        "bw_agg" : 0.000000,
        "bw_mean" : 0.000000,
        "bw_dev" : 0.000000,
        "bw_samples" : 0,
        "iops_min" : 0,
        "iops_max" : 0,
        "iops_mean" : 0.000000,
        "iops_stddev" : 0.000000,
        "iops_samples" : 0
      },
      "write" : {
        "io_bytes" : 267710464,
        "io_kbytes" : 261436,
        "bw_bytes" : 543023253,
        "bw" : 530296,
        "iops" : 132574.036511,
        "runtime" : 493,
        "total_ios" : 65359,
        "short_ios" : 0,
        "drop_ios" : 0,
        "slat_ns" : {
          "min" : 802,
          "max" : 46723,
          "mean" : 1549.785125,
          "stddev" : 1712.073525
        },
        "clat_ns" : {
          "min" : 98383,
          "max" : 2832057,
          "mean" : 587147.421426,
          "stddev" : 193947.430103,
          "percentile" : {
            "1.000000" : 309248,
            "5.000000" : 366592,
            "10.000000" : 387072,
            "20.000000" : 423936,
            "30.000000" : 460800,
            "40.000000" : 505856,
            "50.000000" : 552960,
            "60.000000" : 602112,
            "70.000000" : 667648,
            "80.000000" : 741376,
            "90.000000" : 831488,
            "95.000000" : 913408,
            "99.000000" : 1155072,
            "99.500000" : 1269760,
            "99.900000" : 2007040,
            "99.950000" : 2768896,
            "99.990000" : 2801664
          }
        },
        "lat_ns" : {
          "min" : 99484,
          "max" : 2833708,
          "mean" : 588772.679095,
          "stddev" : 193927.544561
        },
        "bw_min" : 0,
        "bw_max" : 0,
        "bw_agg" : 0.000000,
        "bw_mean" : 0.000000,
        "bw_dev" : 0.000000,
        "bw_samples" : 0,
        "iops_min" : 0,
        "iops_max" : 0,
        "iops_mean" : 0.000000,
        "iops_stddev" : 0.000000,
        "iops_samples" : 0
      },
      "trim" : {
        "io_bytes" : 0,
        "io_kbytes" : 0,
        "bw_bytes" : 0,
        "bw" : 0,
        "iops" : 0.000000,
        "runtime" : 0,
        "total_ios" : 0,
        "short_ios" : 0,
        "drop_ios" : 0,
        "slat_ns" : {
          "min" : 0,
          "max" : 0,
          "mean" : 0.000000,
          "stddev" : 0.000000
        },
        "clat_ns" : {
          "min" : 0,
          "max" : 0,
          "mean" : 0.000000,
          "stddev" : 0.000000,
          "percentile" : {
            "1.000000" : 0,
            "5.000000" : 0,
            "10.000000" : 0,
            "20.000000" : 0,
            "30.000000" : 0,
            "40.000000" : 0,
            "50.000000" : 0,
            "60.000000" : 0,
            "70.000000" : 0,
            "80.000000" : 0,
            "90.000000" : 0,
            "95.000000" : 0,
            "99.000000" : 0,
            "99.500000" : 0,
            "99.900000" : 0,
            "99.950000" : 0,
            "99.990000" : 0
          }
        },
        "lat_ns" : {
          "min" : 0,
          "max" : 0,
          "mean" : 0.000000,
          "stddev" : 0.000000
        },
        "bw_min" : 0,
        "bw_max" : 0,
        "bw_agg" : 0.000000,
        "bw_mean" : 0.000000,
        "bw_dev" : 0.000000,
        "bw_samples" : 0,
        "iops_min" : 0,
        "iops_max" : 0,
        "iops_mean" : 0.000000,
        "iops_stddev" : 0.000000,
        "iops_samples" : 0
      },
      "sync" : {
        "lat_ns" : {
          "min" : 0,
          "max" : 0,
          "mean" : 0.000000,
          "stddev" : 0.000000,
          "percentile" : {
            "1.000000" : 0,
            "5.000000" : 0,
            "10.000000" : 0,
            "20.000000" : 0,
            "30.000000" : 0,
            "40.000000" : 0,
            "50.000000" : 0,
            "60.000000" : 0,
            "70.000000" : 0,
            "80.000000" : 0,
            "90.000000" : 0,
            "95.000000" : 0,
            "99.000000" : 0,
            "99.500000" : 0,
            "99.900000" : 0,
            "99.950000" : 0,
            "99.990000" : 0
          }
        },
        "total_ios" : 0
      },
      "job_runtime" : 492,
      "usr_cpu" : 23.780488,
      "sys_cpu" : 42.682927,
      "ctx" : 9772,
      "majf" : 0,
      "minf" : 11,
      "iodepth_level" : {
        "1" : 0.100000,
        "2" : 0.100000,
        "4" : 0.100000,
        "8" : 0.100000,
        "16" : 0.100000,
        "32" : 0.100000,
        ">=64" : 99.951935
      },
      "iodepth_submit" : {
        "0" : 0.000000,
        "4" : 100.000000,
        "8" : 0.000000,
        "16" : 0.000000,
        "32" : 0.000000,
        "64" : 0.000000,
        ">=64" : 0.000000
      },
      "iodepth_complete" : {
        "0" : 0.000000,
        "4" : 99.999236,
        "8" : 0.000000,
        "16" : 0.000000,
        "32" : 0.000000,
        "64" : 0.000000,
        ">=64" : 0.100000
      },
      "latency_ns" : {
        "2" : 0.000000,
        "4" : 0.000000,
        "10" : 0.000000,
        "20" : 0.000000,
        "50" : 0.000000,
        "100" : 0.000000,
        "250" : 0.000000,
        "500" : 0.000000,
        "750" : 0.000000,
        "1000" : 0.000000
      },
      "latency_us" : {
        "2" : 0.000000,
        "4" : 0.000000,
        "10" : 0.000000,
        "20" : 0.000000,
        "50" : 0.000000,
        "100" : 0.010000,
        "250" : 0.056458,
        "500" : 19.581604,
        "750" : 23.677063,
        "1000" : 15.370941
      },
      "latency_ms" : {
        "2" : 36.928558,
        "4" : 4.366302,
        "10" : 0.017548,
        "20" : 0.000000,
        "50" : 0.000000,
        "100" : 0.000000,
        "250" : 0.000000,
        "500" : 0.000000,
        "750" : 0.000000,
        "1000" : 0.000000,
        "2000" : 0.000000,
        ">=2000" : 0.000000
      },
      "latency_depth" : 256,
      "latency_target" : 0,
      "latency_percentile" : 100.000000,
      "latency_window" : 0
    }
  ],
  "disk_util" : [
    {
      "name" : "nvme0n1",
      "read_ios" : 52951,