{
  "fio version" : "fio-3.16",
  "timestamp" : 1698259025,
  "timestamp_ms" : 1698259025012,
  "time" : "Wed Oct 25 14:37:05 2023",
  "global options" : {
    "bs" : "128k",
    "iodepth" : "1",
    "rwmixread" : "50"
  },
  "jobs" : [
    {
      "jobname" : "Job1",
      "groupid" : 0,
      "error" : 0,
      "eta" : 2147483647,
      "elapsed" : 1,
      "job options" : {
        "ioengine" : "libaio",
        "numjobs" : "1",
        "direct" : "1",
        "fsync" : "0",
        "rw" : "randrw",
        "size" : "512m",
        "filename" : "/dev/nvme0n1p5"
      },
      "read" : {
        "io_bytes" : 261095424,
        "io_kbytes" : 254976,
        "bw_bytes" : 316479301,
        "bw" : 309061,
        "iops" : 2414.545455,
        "runtime" : 825,
        "total_ios" : 1992,
        "short_ios" : 0,
        "drop_ios" : 0,
        "slat_ns" : {
          "min" : 4032,
          "max" : 240146,
          "mean" : 24710.294679,
          "stddev" : 13602.264351
        },
        "clat_ns" : {
          "min" : 4959,
          "max" : 4385217,
          "mean" : 232149.937249,
          "stddev" : 213267.150996,
          "percentile" : {
            "1.000000" : 91648,
            "5.000000" : 109056,
            "10.000000" : 121344,
            "20.000000" : 134144,
            "30.000000" : 154624,
            "40.000000" : 181248,
            "50.000000" : 201728,
            "60.000000" : 218112,
            "70.000000" : 264192,
            "80.000000" : 317440,
            "90.000000" : 354304,
            "95.000000" : 407552,
            "99.000000" : 514048,
            "99.500000" : 593920,
            "99.900000" : 4358144,
            "99.950000" : 4358144,
            "99.990000" : 4358144
          }
        },
        "lat_ns" : {
          "min" : 89019,
          "max" : 4423911,
          "mean" : 257476.320281,
          "stddev" : 214340.039912
        },
        "bw_min" : 315136,
        "bw_max" : 315136,
        "bw_agg" : 100.000000,
        "bw_mean" : 315136.000000,
        "bw_dev" : 0.000000,
        "bw_samples" : 1,
        "iops_min" : 2462,
        "iops_max" : 2462,
        "iops_mean" : 2462.000000,
        "iops_stddev" : 0.000000,
        "iops_samples" : 1
      },
      "write" : {
        "io_bytes" : 275775488,
        "io_kbytes" : 269312,
        "bw_bytes" : 334273318,
        "bw" : 326438,
        "iops" : 2550.303030,
        "runtime" : 825,
        "total_ios" : 2104,
        "short_ios" : 0,
        "drop_ios" : 0,
        "slat_ns" : {
          "min" : 5234,
          "max" : 86760,
          "mean" : 32138.075570,
          "stddev" : 14209.571934
        },
        "clat_ns" : {
          "min" : 47900,
          "max" : 486278,
          "mean" : 104851.503327,
          "stddev" : 40921.527987,
          "percentile" : {
            "1.000000" : 55552,
            "5.000000" : 60672,
            "10.000000" : 66048,
            "20.000000" : 69120,
            "30.000000" : 76288,
            "40.000000" : 81408,
            "50.000000" : 85504,
            "60.000000" : 101888,
            "70.000000" : 138240,
            "80.000000" : 148480,
            "90.000000" : 156672,
            "95.000000" : 162816,
            "99.000000" : 193536,
            "99.500000" : 261120,
            "99.900000" : 411648,
            "99.950000" : 432128,
            "99.990000" : 485376
          }
        },
        "lat_ns" : {
          "min" : 59147,
          "max" : 505735,
          "mean" : 137600.933460,
          "stddev" : 48087.618031
        },
        "bw_min" : 325888,
        "bw_max" : 325888,
        "bw_agg" : 99.831515,
        "bw_mean" : 325888.000000,
        "bw_dev" : 0.000000,
        "bw_samples" : 1,
        "iops_min" : 2546,
        "iops_max" : 2546,
        "iops_mean" : 2546.000000,
        "iops_stddev" : 0.000000,
        "iops_samples" : 1
      },
      "trim" : {
        "io_bytes" : 0,
        "io_kbytes" : 0,
        "bw_bytes" : 0,
        "bw" : 0,
        "iops" : 0.000000,
        "runtime" : 0,
        "total_ios" : 0,
        "short_ios" : 0,
        "drop_ios" : 0,
        "slat_ns" : {
          "min" : 0,
          "max" : 0,
          "mean" : 0.000000,
          "stddev" : 0.000000
        },
        "clat_ns" : {
          "min" : 0,
          "max" : 0,
          "mean" : 0.000000,
          "stddev" : 0.000000,
          "percentile" : {
            "1.000000" : 0,
            "5.000000" : 0,
            "10.000000" : 0,
            "20.000000" : 0,
            "30.000000" : 0,
            "40.000000" : 0,
            "50.000000" : 0,
            "60.000000" : 0,
            "70.000000" : 0,
            "80.000000" : 0,
            "90.000000" : 0,
            "95.000000" : 0,
            "99.000000" : 0,
            "99.500000" : 0,
            "99.900000" : 0,
            "99.950000" : 0,
            "99.990000" : 0
          }
        },
        "lat_ns" : {
          "min" : 0,
          "max" : 0,
          "mean" : 0.000000,
          "stddev" : 0.000000
        },
        "bw_min" : 0,
        "bw_max" : 0,
        "bw_agg" : 0.000000,
        "bw_mean" : 0.000000,
        "bw_dev" : 0.000000,
        "bw_samples" : 0,
        "iops_min" : 0,
        "iops_max" : 0,
        "iops_mean" : 0.000000,
        "iops_stddev" : 0.000000,
        "iops_samples" : 0
      },
      "sync" : {
        "lat_ns" : {
          "min" : 0,
          "max" : 0,
          "mean" : 0.000000,
          "stddev" : 0.000000,
          "percentile" : {
            "1.000000" : 0,
            "5.000000" : 0,
            "10.000000" : 0,
            "20.000000" : 0,
            "30.000000" : 0,
            "40.000000" : 0,
            "50.000000" : 0,
            "60.000000" : 0,
            "70.000000" : 0,
            "80.000000" : 0,
            "90.000000" : 0,
            "95.000000" : 0,
            "99.000000" : 0,
            "99.500000" : 0,
            "99.900000" : 0,
            "99.950000" : 0,
            "99.990000" : 0
          }
        },
        "total_ios" : 0
      },
      "job_runtime" : 824,
      "usr_cpu" : 13.470874,
      "sys_cpu" : 14.320388,
      "ctx" : 4096,
      "majf" : 0,
      "minf" : 12,
      "iodepth_level" : {
        "1" : 100.000000,
        "2" : 0.000000,
        "4" : 0.000000,
        "8" : 0.000000,
        "16" : 0.000000,
        "32" : 0.000000,
        ">=64" : 0.000000
      },
      "iodepth_submit" : {
        "0" : 0.000000,
        "4" : 100.000000,
        "8" : 0.000000,
        "16" : 0.000000,
        "32" : 0.000000,
        "64" : 0.000000,
        ">=64" : 0.000000
      },
      "iodepth_complete" : {
        "0" : 0.000000,
        "4" : 100.000000,
        "8" : 0.000000,
        "16" : 0.000000,
        "32" : 0.000000,
        "64" : 0.000000,
        ">=64" : 0.000000
      },
      "latency_ns" : {
        "2" : 0.000000,
        "4" : 0.000000,
        "10" : 0.000000,
        "20" : 0.000000,
        "50" : 0.000000,
        "100" : 0.000000,
        "250" : 0.000000,
        "500" : 0.000000,
        "750" : 0.000000,
        "1000" : 0.000000
      },
      "latency_us" : {
        "2" : 0.000000,
        "4" : 0.000000,
        "10" : 0.024414,
        "20" : 0.000000,
        "50" : 0.024414,
        "100" : 31.787109,
        "250" : 51.977539,
        "500" : 15.576172,
        "750" : 0.463867,
        "1000" : 0.024414
      },
      "latency_ms" : {
        "2" : 0.000000,
        "4" : 0.024414,
        "10" : 0.097656,
        "20" : 0.000000,
        "50" : 0.000000,
        "100" : 0.000000,
        "250" : 0.000000,
        "500" : 0.000000,
        "750" : 0.000000,
        "1000" : 0.000000,
        "2000" : 0.000000,
        ">=2000" : 0.000000
      },
      "latency_depth" : 1,
      "latency_target" : 0,
      "latency_percentile" : 100.000000,
      "latency_window" : 0
    }
  ],
  "disk_util" : [
    {
      "name" : "nvme0n1",
      "read_ios" : 1614,