{
  "fio version" : "fio-3.16",
  "timestamp" : 1698258993,
  "timestamp_ms" : 1698258993816,
  "time" : "Wed Oct 25 14:36:33 2023",
  "global options" : {
    "bs" : "16k",
    "iodepth" : "256",
    "rwmixread" : "70"
  },
  "jobs" : [
    {
      "jobname" : "Job1",
      "groupid" : 0,
      "error" : 0,
      "eta" : 2147483647,
      "elapsed" : 1,
      "job options" : {
        "ioengine" : "libaio",
        "numjobs" : "1",
        "direct" : "1",
        "fsync" : "0",
        "rw" : "randrw",
        "size" : "512m",
        "filename" : "/dev/nvme0n1p5"
      },
      "read" : {
        "io_bytes" : 376094720,
        "io_kbytes" : 367280,
        "bw_bytes" : 984541151,
        "bw" : 961465,
        "iops" : 60091.623037,
        "runtime" : 382,
        "total_ios" : 22955,
        "short_ios" : 0,
        "drop_ios" : 0,
        "slat_ns" : {
          "min" : 1182,
          "max" : 73795,
          "mean" : 2615.102418,
          "stddev" : 1816.156515
        },
        "clat_ns" : {
          "min" : 1069037,
          "max" : 7499070,
          "mean" : 3529651.897364,
          "stddev" : 597474.963477,
          "percentile" : {
            "1.000000" : 2039808,
            "5.000000" : 2834432,
            "10.000000" : 2965504,
            "20.000000" : 3129344,
            "30.000000" : 3227648,
            "40.000000" : 3325952,
            "50.000000" : 3424256,
            "60.000000" : 3555328,
            "70.000000" : 3686400,
            "80.000000" : 3850240,
            "90.000000" : 4292608,
            "95.000000" : 4685824,
            "99.000000" : 5406720,
            "99.500000" : 5734400,
            "99.900000" : 6324224,
            "99.950000" : 6979584,
            "99.990000" : 7372800
          }
        },
        "lat_ns" : {
          "min" : 1071738,
          "max" : 7500590,
          "mean" : 3532368.273753,
          "stddev" : 597432.240248
        },
        "bw_min" : 0,
        "bw_max" : 0,
        "bw_agg" : 0.000000,
        "bw_mean" : 0.000000,
        "bw_dev" : 0.000000,
        "bw_samples" : 0,
        "iops_min" : 0,
        "iops_max" : 0,
        "iops_mean" : 0.000000,
        "iops_stddev" : 0.000000,
        "iops_samples" : 0
      },
      "write" : {
        "io_bytes" : 160776192,
        "io_kbytes" : 157008,
        "bw_bytes" : 420880083,
        "bw" : 411015,
        "iops" : 25688.481675,
        "runtime" : 382,
        "total_ios" : 9813,
        "short_ios" : 0,
        "drop_ios" : 0,
        "slat_ns" : {
          "min" : 1338,
          "max" : 99050,
          "mean" : 3329.707021,
          "stddev" : 2305.508158
        },
        "clat_ns" : {
          "min" : 124602,
          "max" : 4375637,
          "mean" : 1668984.219301,
          "stddev" : 346463.824534,
          "percentile" : {
            "1.000000" : 522240,
            "5.000000" : 1220608,
            "10.000000" : 1384448,
            "20.000000" : 1466368,
            "30.000000" : 1531904,
            "40.000000" : 1597440,
            "50.000000" : 1662976,
            "60.000000" : 1728512,
            "70.000000" : 1777664,
            "80.000000" : 1875968,
            "90.000000" : 1974272,
            "95.000000" : 2072576,
            "99.000000" : 2932736,
            "99.500000" : 3227648,
            "99.900000" : 4227072,
            "99.950000" : 4292608,
            "99.990000" : 4358144
          }
        },
        "lat_ns" : {
          "min" : 128202,
          "max" : 4377662,
          "mean" : 1672414.396922,
          "stddev" : 346347.713506
        },
        "bw_min" : 0,
        "bw_max" : 0,
        "bw_agg" : 0.000000,
        "bw_mean" : 0.000000,
        "bw_dev" : 0.000000,
        "bw_samples" : 0,
        "iops_min" : 0,
        "iops_max" : 0,
        "iops_mean" : 0.000000,
        "iops_stddev" : 0.000000,
        "iops_samples" : 0
      },
      "trim" : {
        "io_bytes" : 0,
        "io_kbytes" : 0,
        "bw_bytes" : 0,
        "bw" : 0,
        "iops" : 0.000000,
        "runtime" : 0,
        "total_ios" : 0,
        "short_ios" : 0,
        "drop_ios" : 0,
        "slat_ns" : {
          "min" : 0,
          "max" : 0,
          "mean" : 0.000000,
          "stddev" : 0.000000
        },
        "clat_ns" : {
          "min" : 0,
          "max" : 0,
          "mean" : 0.000000,
          "stddev" : 0.000000,
          "percentile" : {
            "1.000000" : 0,
            "5.000000" : 0,
            "10.000000" : 0,
            "20.000000" : 0,
            "30.000000" : 0,
            "40.000000" : 0,
            "50.000000" : 0,
            "60.000000" : 0,
            "70.000000" : 0,
            "80.000000" : 0,
            "90.000000" : 0,
            "95.000000" : 0,
            "99.000000" : 0,
            "99.500000" : 0,
            "99.900000" : 0,
            "99.950000" : 0,
            "99.990000" : 0
          }
        },
        "lat_ns" : {
          "min" : 0,
          "max" : 0,
          "mean" : 0.000000,
          "stddev" : 0.000000
        },
        "bw_min" : 0,
        "bw_max" : 0,
        "bw_agg" : 0.000000,
        "bw_mean" : 0.000000,
        "bw_dev" : 0.000000,
        "bw_samples" : 0,
        "iops_min" : 0,
        "iops_max" : 0,
        "iops_mean" : 0.000000,
        "iops_stddev" : 0.000000,
        "iops_samples" : 0
      },
      "sync" : {
        "lat_ns" : {
          "min" : 0,
          "max" : 0,
          "mean" : 0.000000,
          "stddev" : 0.000000,
          "percentile" : {
            "1.000000" : 0,
            "5.000000" : 0,
            "10.000000" : 0,
            "20.000000" : 0,
            "30.000000" : 0,
            "40.000000" : 0,
            "50.000000" : 0,
            "60.000000" : 0,
            "70.000000" : 0,
            "80.000000" : 0,
            "90.000000" : 0,
            "95.000000" : 0,
            "99.000000" : 0,
            "99.500000" : 0,
            "99.900000" : 0,
            "99.950000" : 0,
            "99.990000" : 0
          }
        },
        "total_ios" : 0
      },
      "job_runtime" : 381,
      "usr_cpu" : 13.648294,
      "sys_cpu" : 28.346457,
      "ctx" : 10746,
      "majf" : 0,
      "minf" : 11,
      "iodepth_level" : {
        "1" : 0.100000,
        "2" : 0.100000,
        "4" : 0.100000,
        "8" : 0.100000,
        "16" : 0.100000,
        "32" : 0.100000,
        ">=64" : 99.807739
      },
      "iodepth_submit" : {
        "0" : 0.000000,
        "4" : 100.000000,
        "8" : 0.000000,
        "16" : 0.000000,
        "32" : 0.000000,
        "64" : 0.000000,
        ">=64" : 0.000000
      },
      "iodepth_complete" : {
        "0" : 0.000000,
        "4" : 99.996924,
        "8" : 0.000000,
        "16" : 0.000000,
        "32" : 0.000000,
        "64" : 0.000000,
        ">=64" : 0.100000
      },
      "latency_ns" : {
        "2" : 0.000000,
        "4" : 0.000000,
        "10" : 0.000000,
        "20" : 0.000000,
        "50" : 0.000000,
        "100" : 0.000000,
        "250" : 0.000000,
        "500" : 0.000000,
        "750" : 0.000000,
        "1000" : 0.000000
      },
      "latency_us" : {
        "2" : 0.000000,
        "4" : 0.000000,
        "10" : 0.000000,
        "20" : 0.000000,
        "50" : 0.000000,
        "100" : 0.000000,
        "250" : 0.094604,
        "500" : 0.173950,
        "750" : 0.180054,
        "1000" : 0.341797
      },
      "latency_ms" : {
        "2" : 27.209473,
        "4" : 61.178589,
        "10" : 10.821533,
        "20" : 0.000000,
        "50" : 0.000000,
        "100" : 0.000000,
        "250" : 0.000000,
        "500" : 0.000000,
        "750" : 0.000000,
        "1000" : 0.000000,
        "2000" : 0.000000,
        ">=2000" : 0.000000
      },
      "latency_depth" : 256,
      "latency_target" : 0,
      "latency_percentile" : 100.000000,
      "latency_window" : 0
    }
  ],
  "disk_util" : [
    {
      "name" : "nvme0n1",
      "read_ios" : 8444,