{
  "fio version" : "fio-3.16",
  "timestamp" : 1698258997,
  "timestamp_ms" : 1698258997443,
  "time" : "Wed Oct 25 14:36:37 2023",
  "global options" : {
    "bs" : "16k",
    "iodepth" : "1024",
    "rwmixread" : "70"
  },
  "jobs" : [
    {
      "jobname" : "Job1",
      "groupid" : 0,
      "error" : 0,
      "eta" : 2147483647,
      "elapsed" : 1,
      "job options" : {
        "ioengine" : "libaio",
        "numjobs" : "1",
        "direct" : "1",
        "fsync" : "0",
        "rw" : "randrw",
        "size" : "512m",
        "filename" : "/dev/nvme0n1p5"
      },
      "read" : {
        "io_bytes" : 376094720,
        "io_kbytes" : 367280,
        "bw_bytes" : 915072311,
        "bw" : 893625,
        "iops" : 55851.581509,
        "runtime" : 411,
        "total_ios" : 22955,
        "short_ios" : 0,
        "drop_ios" : 0,
        "slat_ns" : {
          "min" : 1265,
          "max" : 1013922,
          "mean" : 8949.671836,
          "stddev" : 39367.865461
        },
        "clat_ns" : {
          "min" : 1755778,
          "max" : 40721660,
          "mean" : 13304768.267741,
          "stddev" : 4644158.803300,
          "percentile" : {
            "1.000000" : 3129344,
            "5.000000" : 6062080,
            "10.000000" : 11075584,
            "20.000000" : 12124160,
            "30.000000" : 12386304,
            "40.000000" : 12517376,
            "50.000000" : 12779520,
            "60.000000" : 12910592,
            "70.000000" : 13303808,
            "80.000000" : 13697024,
            "90.000000" : 16318464,
            "95.000000" : 21102592,
            "99.000000" : 36962304,
            "99.500000" : 38535168,
            "99.900000" : 39059456,
            "99.950000" : 39583744,
            "99.990000" : 40632320
          }
        },
        "lat_ns" : {
          "min" : 1758257,
          "max" : 40795781,
          "mean" : 13313803.961969,
          "stddev" : 4645031.460742
        },
        "bw_min" : 0,
        "bw_max" : 0,
        "bw_agg" : 0.000000,
        "bw_mean" : 0.000000,
        "bw_dev" : 0.000000,
        "bw_samples" : 0,
        "iops_min" : 0,
        "iops_max" : 0,
        "iops_mean" : 0.000000,
        "iops_stddev" : 0.000000,
        "iops_samples" : 0
      },
      "write" : {
        "io_bytes" : 160776192,
        "io_kbytes" : 157008,
        "bw_bytes" : 391182948,
        "bw" : 382014,
        "iops" : 23875.912409,
        "runtime" : 411,
        "total_ios" : 9813,
        "short_ios" : 0,
        "drop_ios" : 0,
        "slat_ns" : {
          "min" : 1455,
          "max" : 732597,
          "mean" : 9875.399776,
          "stddev" : 40360.872603
        },
        "clat_ns" : {
          "min" : 149018,
          "max" : 37413884,
          "mean" : 11297250.944054,
          "stddev" : 4345818.956712,
          "percentile" : {
            "1.000000" : 1269760,
            "5.000000" : 5210112,
            "10.000000" : 8978432,
            "20.000000" : 10420224,
            "30.000000" : 10551296,
            "40.000000" : 10682368,
            "50.000000" : 10813440,
            "60.000000" : 11075584,
            "70.000000" : 11206656,
            "80.000000" : 11468800,
            "90.000000" : 13959168,
            "95.000000" : 18219008,
            "99.000000" : 34340864,
            "99.500000" : 36438016,
            "99.900000" : 37486592,
            "99.950000" : 37486592,
            "99.990000" : 37486592
          }
        },
        "lat_ns" : {
          "min" : 151537,
          "max" : 37415997,
          "mean" : 11307212.841129,
          "stddev" : 4346335.747902
        },
        "bw_min" : 0,
        "bw_max" : 0,
        "bw_agg" : 0.000000,
        "bw_mean" : 0.000000,
        "bw_dev" : 0.000000,
        "bw_samples" : 0,
        "iops_min" : 0,
        "iops_max" : 0,
        "iops_mean" : 0.000000,
        "iops_stddev" : 0.000000,
        "iops_samples" : 0
      },
      "trim" : {
        "io_bytes" : 0,
        "io_kbytes" : 0,
        "bw_bytes" : 0,
        "bw" : 0,
        "iops" : 0.000000,
        "runtime" : 0,
        "total_ios" : 0,
        "short_ios" : 0,
        "drop_ios" : 0,
        "slat_ns" : {
          "min" : 0,
          "max" : 0,
          "mean" : 0.000000,
          "stddev" : 0.000000
        },
        "clat_ns" : {
          "min" : 0,
          "max" : 0,
          "mean" : 0.000000,
          "stddev" : 0.000000,
          "percentile" : {
            "1.000000" : 0,
            "5.000000" : 0,
            "10.000000" : 0,
            "20.000000" : 0,
            "30.000000" : 0,
            "40.000000" : 0,
            "50.000000" : 0,
            "60.000000" : 0,
            "70.000000" : 0,
            "80.000000" : 0,
            "90.000000" : 0,
            "95.000000" : 0,
            "99.000000" : 0,
            "99.500000" : 0,
            "99.900000" : 0,
            "99.950000" : 0,
            "99.990000" : 0
          }
        },
        "lat_ns" : {
          "min" : 0,
          "max" : 0,
          "mean" : 0.000000,
          "stddev" : 0.000000
        },
        "bw_min" : 0,
        "bw_max" : 0,
        "bw_agg" : 0.000000,
        "bw_mean" : 0.000000,
        "bw_dev" : 0.000000,
        "bw_samples" : 0,
        "iops_min" : 0,
        "iops_max" : 0,
        "iops_mean" : 0.000000,
        "iops_stddev" : 0.000000,
        "iops_samples" : 0
      },
      "sync" : {
        "lat_ns" : {
          "min" : 0,
          "max" : 0,
          "mean" : 0.000000,
          "stddev" : 0.000000,
          "percentile" : {
            "1.000000" : 0,
            "5.000000" : 0,
            "10.000000" : 0,
            "20.000000" : 0,
            "30.000000" : 0,
            "40.000000" : 0,
            "50.000000" : 0,
            "60.000000" : 0,
            "70.000000" : 0,
            "80.000000" : 0,
            "90.000000" : 0,
            "95.000000" : 0,
            "99.000000" : 0,
            "99.500000" : 0,
            "99.900000" : 0,
            "99.950000" : 0,
            "99.990000" : 0
          }
        },
        "total_ios" : 0
      },
      "job_runtime" : 410,
      "usr_cpu" : 9.756098,
      "sys_cpu" : 22.682927,
      "ctx" : 4403,
      "majf" : 0,
      "minf" : 13,
      "iodepth_level" : {
        "1" : 0.100000,
        "2" : 0.100000,
        "4" : 0.100000,
        "8" : 0.100000,
        "16" : 0.100000,
        "32" : 0.100000,
        ">=64" : 99.807739
      },
      "iodepth_submit" : {
        "0" : 0.000000,
        "4" : 100.000000,
        "8" : 0.000000,
        "16" : 0.000000,
        "32" : 0.000000,
        "64" : 0.000000,
        ">=64" : 0.000000
      },
      "iodepth_complete" : {
        "0" : 0.000000,
        "4" : 99.996850,
        "8" : 0.000000,
        "16" : 0.000000,
        "32" : 0.000000,
        "64" : 0.000000,
        ">=64" : 0.100000
      },
      "latency_ns" : {
        "2" : 0.000000,
        "4" : 0.000000,
        "10" : 0.000000,
        "20" : 0.000000,
        "50" : 0.000000,
        "100" : 0.000000,
        "250" : 0.000000,
        "500" : 0.000000,
        "750" : 0.000000,
        "1000" : 0.000000
      },
      "latency_us" : {
        "2" : 0.000000,
        "4" : 0.000000,
        "10" : 0.000000,
        "20" : 0.000000,
        "50" : 0.000000,
        "100" : 0.000000,
        "250" : 0.027466,
        "500" : 0.057983,
        "750" : 0.045776,
        "1000" : 0.088501
      },
      "latency_ms" : {
        "2" : 0.299072,
        "4" : 1.672363,
        "10" : 8.047485,
        "20" : 84.625244,
        "50" : 5.136108,
        "100" : 0.000000,
        "250" : 0.000000,
        "500" : 0.000000,
        "750" : 0.000000,
        "1000" : 0.000000,
        "2000" : 0.000000,
        ">=2000" : 0.000000
      },
      "latency_depth" : 1024,
      "latency_target" : 0,
      "latency_percentile" : 100.000000,
      "latency_window" : 0
    }
  ],