{
  "fio version" : "fio-3.16",
  "timestamp" : 1698259010,
  "timestamp_ms" : 1698259010239,
  "time" : "Wed Oct 25 14:36:50 2023",
  "global options" : {
    "bs" : "32k",
    "iodepth" : "8",
    "rwmixread" : "70"
  },
  "jobs" : [
    {
      "jobname" : "Job1",
      "groupid" : 0,
      "error" : 0,
      "eta" : 2147483647,
      "elapsed" : 1,
      "job options" : {
        "ioengine" : "libaio",
        "numjobs" : "1",
        "direct" : "1",
        "fsync" : "0",
        "rw" : "randrw",
        "size" : "512m",
        "filename" : "/dev/nvme0n1p5"
      },
      "read" : {
        "io_bytes" : 375422976,
        "io_kbytes" : 366624,
        "bw_bytes" : 823296000,
        "bw" : 804000,
        "iops" : 25125.000000,
        "runtime" : 456,
        "total_ios" : 11457,
        "short_ios" : 0,
        "drop_ios" : 0,
        "slat_ns" : {
          "min" : 3437,
          "max" : 145389,
          "mean" : 6943.171598,
          "stddev" : 3458.117232
        },
        "clat_ns" : {
          "min" : 68679,
          "max" : 5402791,
          "mean" : 285164.366239,
          "stddev" : 259018.616880,
          "percentile" : {
            "1.000000" : 95744,
            "5.000000" : 109056,
            "10.000000" : 123392,
            "20.000000" : 150528,
            "30.000000" : 179200,
            "40.000000" : 209920,
            "50.000000" : 248832,
            "60.000000" : 305152,
            "70.000000" : 358400,
            "80.000000" : 395264,
            "90.000000" : 444416,
            "95.000000" : 485376,
            "99.000000" : 585728,
            "99.500000" : 684032,
            "99.900000" : 4554752,
            "99.950000" : 4751360,
            "99.990000" : 5013504
          }
        },
        "lat_ns" : {
          "min" : 74054,
          "max" : 5408550,
          "mean" : 292326.902592,
          "stddev" : 258970.154747
        },
        "bw_min" : 0,
        "bw_max" : 0,
        "bw_agg" : 0.000000,
        "bw_mean" : 0.000000,
        "bw_dev" : 0.000000,
        "bw_samples" : 0,
        "iops_min" : 0,
        "iops_max" : 0,
        "iops_mean" : 0.000000,
        "iops_stddev" : 0.000000,
        "iops_samples" : 0
      },
      "write" : {
        "io_bytes" : 161447936,
        "io_kbytes" : 157664,
        "bw_bytes" : 354052491,
        "bw" : 345754,
        "iops" : 10804.824561,
        "runtime" : 456,
        "total_ios" : 4927,
        "short_ios" : 0,
        "drop_ios" : 0,
        "slat_ns" : {
          "min" : 4133,
          "max" : 47621,
          "mean" : 8787.425411,
          "stddev" : 3964.121658
        },
        "clat_ns" : {
          "min" : 17010,
          "max" : 244470,
          "mean" : 44843.746702,
          "stddev" : 17951.382144,
          "percentile" : {
            "1.000000" : 24704,
            "5.000000" : 26496,
            "10.000000" : 27776,
            "20.000000" : 30080,
            "30.000000" : 33536,
            "40.000000" : 36608,
            "50.000000" : 40192,
            "60.000000" : 43776,
            "70.000000" : 49408,
            "80.000000" : 56576,
            "90.000000" : 68096,
            "95.000000" : 79360,
            "99.000000" : 104960,
            "99.500000" : 116224,
            "99.900000" : 154624,
            "99.950000" : 195584,
            "99.990000" : 244736
          }
        },
        "lat_ns" : {
          "min" : 27003,
          "max" : 256397,
          "mean" : 53867.980313,
          "stddev" : 19482.813657
        },
        "bw_min" : 0,
        "bw_max" : 0,
        "bw_agg" : 0.000000,
        "bw_mean" : 0.000000,
        "bw_dev" : 0.000000,
        "bw_samples" : 0,
        "iops_min" : 0,
        "iops_max" : 0,
        "iops_mean" : 0.000000,
        "iops_stddev" : 0.000000,
        "iops_samples" : 0
      },
      "trim" : {
        "io_bytes" : 0,
        "io_kbytes" : 0,
        "bw_bytes" : 0,
        "bw" : 0,
        "iops" : 0.000000,
        "runtime" : 0,
        "total_ios" : 0,
        "short_ios" : 0,
        "drop_ios" : 0,
        "slat_ns" : {
          "min" : 0,
          "max" : 0,
          "mean" : 0.000000,
          "stddev" : 0.000000
        },
        "clat_ns" : {
          "min" : 0,
          "max" : 0,
          "mean" : 0.000000,
          "stddev" : 0.000000,
          "percentile" : {
            "1.000000" : 0,
            "5.000000" : 0,
            "10.000000" : 0,
            "20.000000" : 0,
            "30.000000" : 0,
            "40.000000" : 0,
            "50.000000" : 0,
            "60.000000" : 0,
            "70.000000" : 0,
            "80.000000" : 0,
            "90.000000" : 0,
            "95.000000" : 0,
            "99.000000" : 0,
            "99.500000" : 0,
            "99.900000" : 0,
            "99.950000" : 0,
            "99.990000" : 0
          }
        },
        "lat_ns" : {
          "min" : 0,
          "max" : 0,
          "mean" : 0.000000,
          "stddev" : 0.000000
        },
        "bw_min" : 0,
        "bw_max" : 0,
        "bw_agg" : 0.000000,
        "bw_mean" : 0.000000,
        "bw_dev" : 0.000000,
        "bw_samples" : 0,
        "iops_min" : 0,
        "iops_max" : 0,
        "iops_mean" : 0.000000,
        "iops_stddev" : 0.000000,
        "iops_samples" : 0
      },
      "sync" : {
        "lat_ns" : {
          "min" : 0,
          "max" : 0,
          "mean" : 0.000000,
          "stddev" : 0.000000,
          "percentile" : {
            "1.000000" : 0,
            "5.000000" : 0,
            "10.000000" : 0,
            "20.000000" : 0,
            "30.000000" : 0,
            "40.000000" : 0,
            "50.000000" : 0,
            "60.000000" : 0,
            "70.000000" : 0,
            "80.000000" : 0,
            "90.000000" : 0,
            "95.000000" : 0,
            "99.000000" : 0,
            "99.500000" : 0,
            "99.900000" : 0,
            "99.950000" : 0,
            "99.990000" : 0
          }
        },
        "total_ios" : 0
      },
      "job_runtime" : 455,
      "usr_cpu" : 7.032967,
      "sys_cpu" : 40.659341,
      "ctx" : 6708,
      "majf" : 0,
      "minf" : 11,
      "iodepth_level" : {
        "1" : 0.100000,
        "2" : 0.100000,
        "4" : 0.100000,
        "8" : 99.957275,
        "16" : 0.000000,
        "32" : 0.000000,
        ">=64" : 0.000000
      },
      "iodepth_submit" : {
        "0" : 0.000000,
        "4" : 100.000000,
        "8" : 0.000000,
        "16" : 0.000000,
        "32" : 0.000000,
        "64" : 0.000000,
        ">=64" : 0.000000
      },
      "iodepth_complete" : {
        "0" : 0.000000,
        "4" : 99.993894,
        "8" : 0.100000,
        "16" : 0.000000,
        "32" : 0.000000,
        "64" : 0.000000,
        ">=64" : 0.000000
      },
      "latency_ns" : {
        "2" : 0.000000,
        "4" : 0.000000,
        "10" : 0.000000,
        "20" : 0.000000,
        "50" : 0.000000,
        "100" : 0.000000,
        "250" : 0.000000,
        "500" : 0.000000,
        "750" : 0.000000,
        "1000" : 0.000000
      },
      "latency_us" : {
        "2" : 0.000000,
        "4" : 0.000000,
        "10" : 0.000000,
        "20" : 0.018311,
        "50" : 21.331787,
        "100" : 9.741211,
        "250" : 34.161377,
        "500" : 31.964111,
        "750" : 2.514648,
        "1000" : 0.073242
      },
      "latency_ms" : {
        "2" : 0.000000,
        "4" : 0.000000,
        "10" : 0.195312,
        "20" : 0.000000,
        "50" : 0.000000,
        "100" : 0.000000,
        "250" : 0.000000,
        "500" : 0.000000,
        "750" : 0.000000,
        "1000" : 0.000000,
        "2000" : 0.000000,
        ">=2000" : 0.000000
      },
      "latency_depth" : 8,
      "latency_target" : 0,
      "latency_percentile" : 100.000000,
      "latency_window" : 0
    }
  ],
  "disk_util" : [
    {
      "name" : "nvme0n1",
      "read_ios" : 10475,
      "write_ios" : 4503,
      "read_merges" : 0,