{
  "fio version" : "fio-3.16",
  "timestamp" : 1698259039,
  "timestamp_ms" : 1698259039571,
  "time" : "Wed Oct 25 14:37:19 2023",
  "global options" : {
    "bs" : "128k",
    "iodepth" : "1024",
    "rwmixread" : "50"
  },
  "jobs" : [
    {
      "jobname" : "Job1",
      "groupid" : 0,
      "error" : 0,
      "eta" : 2147483647,
      "elapsed" : 1,
      "job options" : {
        "ioengine" : "libaio",
        "numjobs" : "1",
        "direct" : "1",
        "fsync" : "0",
        "rw" : "randrw",
        "size" : "512m",
        "filename" : "/dev/nvme0n1p5"
      },
      "read" : {
        "io_bytes" : 261095424,
        "io_kbytes" : 254976,
        "bw_bytes" : 725265066,
        "bw" : 708266,
        "iops" : 5533.333333,
        "runtime" : 360,
        "total_ios" : 1992,
        "short_ios" : 0,
        "drop_ios" : 0,
        "slat_ns" : {
          "min" : 2770,
          "max" : 10536410,
          "mean" : 29828.788153,
          "stddev" : 256682.286893
        },
        "clat_ns" : {
          "min" : 8278111,
          "max" : 231279539,
          "mean" : 91174070.972892,
          "stddev" : 52076570.700028,
          "percentile" : {
            "1.000000" : 8847360,
            "5.000000" : 15663104,
            "10.000000" : 21889024,
            "20.000000" : 41156608,
            "30.000000" : 52166656,
            "40.000000" : 70778880,
            "50.000000" : 89653248,
            "60.000000" : 107479040,
            "70.000000" : 124256256,
            "80.000000" : 135266304,
            "90.000000" : 162529280,
            "95.000000" : 175112192,
            "99.000000" : 229638144,
            "99.500000" : 229638144,
            "99.900000" : 231735296,
            "99.950000" : 231735296,
            "99.990000" : 231735296
          }
        },
        "lat_ns" : {
          "min" : 8285237,
          "max" : 231299234,
          "mean" : 91204213.430221,
          "stddev" : 52087840.176155
        },
        "bw_min" : 0,
        "bw_max" : 0,
        "bw_agg" : 0.000000,
        "bw_mean" : 0.000000,
        "bw_dev" : 0.000000,
        "bw_samples" : 0,
        "iops_min" : 0,
        "iops_max" : 0,
        "iops_mean" : 0.000000,
        "iops_stddev" : 0.000000,
        "iops_samples" : 0
      },
      "write" : {
        "io_bytes" : 275775488,
        "io_kbytes" : 269312,
        "bw_bytes" : 766043022,
        "bw" : 748088,
        "iops" : 5844.444444,
        "runtime" : 360,
        "total_ios" : 2104,
        "short_ios" : 0,
        "drop_ios" : 0,
        "slat_ns" : {
          "min" : 3554,
          "max" : 5568967,
          "mean" : 42428.489544,
          "stddev" : 198181.875397
        },
        "clat_ns" : {
          "min" : 8253869,
          "max" : 228775535,
          "mean" : 86125710.093156,
          "stddev" : 50411768.121525,
          "percentile" : {
            "1.000000" : 8355840,
            "5.000000" : 10944512,
            "10.000000" : 17956864,
            "20.000000" : 35913728,
            "30.000000" : 49545216,
            "40.000000" : 66322432,
            "50.000000" : 86507520,
            "60.000000" : 103284736,
            "70.000000" : 119013376,
            "80.000000" : 130547712,
            "90.000000" : 158334976,
            "95.000000" : 168820736,
            "99.000000" : 181403648,
            "99.500000" : 227540992,
            "99.900000" : 229638144,
            "99.950000" : 229638144,
            "99.990000" : 229638144
          }
        },
        "lat_ns" : {
          "min" : 8258979,
          "max" : 228800121,
          "mean" : 86168489.240969,
          "stddev" : 50428235.634589
        },
        "bw_min" : 0,
        "bw_max" : 0,
        "bw_agg" : 0.000000,
        "bw_mean" : 0.000000,
        "bw_dev" : 0.000000,
        "bw_samples" : 0,
        "iops_min" : 0,
        "iops_max" : 0,
        "iops_mean" : 0.000000,
        "iops_stddev" : 0.000000,
        "iops_samples" : 0
      },
      "trim" : {
        "io_bytes" : 0,
        "io_kbytes" : 0,
        "bw_bytes" : 0,
        "bw" : 0,
        "iops" : 0.000000,
        "runtime" : 0,
        "total_ios" : 0,
        "short_ios" : 0,
        "drop_ios" : 0,
        "slat_ns" : {
          "min" : 0,
          "max" : 0,
          "mean" : 0.000000,
          "stddev" : 0.000000
        },
        "clat_ns" : {
          "min" : 0,
          "max" : 0,
          "mean" : 0.000000,
          "stddev" : 0.000000,
          "percentile" : {
            "1.000000" : 0,
            "5.000000" : 0,
            "10.000000" : 0,
            "20.000000" : 0,
            "30.000000" : 0,
            "40.000000" : 0,
            "50.000000" : 0,
            "60.000000" : 0,
            "70.000000" : 0,
            "80.000000" : 0,
            "90.000000" : 0,
            "95.000000" : 0,
            "99.000000" : 0,
            "99.500000" : 0,
            "99.900000" : 0,
            "99.950000" : 0,
            "99.990000" : 0
          }
        },
        "lat_ns" : {
          "min" : 0,
          "max" : 0,
          "mean" : 0.000000,
          "stddev" : 0.000000
        },
        "bw_min" : 0,
        "bw_max" : 0,
        "bw_agg" : 0.000000,
        "bw_mean" : 0.000000,
        "bw_dev" : 0.000000,
        "bw_samples" : 0,
        "iops_min" : 0,
        "iops_max" : 0,
        "iops_mean" : 0.000000,
        "iops_stddev" : 0.000000,
        "iops_samples" : 0
      },
      "sync" : {
        "lat_ns" : {
          "min" : 0,
          "max" : 0,
          "mean" : 0.000000,
          "stddev" : 0.000000,
          "percentile" : {
            "1.000000" : 0,
            "5.000000" : 0,
            "10.000000" : 0,
            "20.000000" : 0,
            "30.000000" : 0,
            "40.000000" : 0,
            "50.000000" : 0,
            "60.000000" : 0,
            "70.000000" : 0,
            "80.000000" : 0,
            "90.000000" : 0,
            "95.000000" : 0,
            "99.000000" : 0,
            "99.500000" : 0,
            "99.900000" : 0,
            "99.950000" : 0,
            "99.990000" : 0
          }
        },
        "total_ios" : 0
      },
      "job_runtime" : 359,
      "usr_cpu" : 9.749304,
      "sys_cpu" : 25.069638,
      "ctx" : 950,
      "majf" : 0,
      "minf" : 13,
      "iodepth_level" : {
        "1" : 0.100000,
        "2" : 0.100000,
        "4" : 0.100000,
        "8" : 0.195312,
        "16" : 0.390625,
        "32" : 0.781250,
        ">=64" : 98.461914
      },
      "iodepth_submit" : {
        "0" : 0.000000,
        "4" : 100.000000,
        "8" : 0.000000,
        "16" : 0.000000,
        "32" : 0.000000,
        "64" : 0.000000,
        ">=64" : 0.000000
      },
      "iodepth_complete" : {
        "0" : 0.000000,
        "4" : 99.967469,
        "8" : 0.000000,
        "16" : 0.000000,
        "32" : 0.000000,
        "64" : 0.000000,
        ">=64" : 0.100000
      },
      "latency_ns" : {
        "2" : 0.000000,
        "4" : 0.000000,
        "10" : 0.000000,
        "20" : 0.000000,
        "50" : 0.000000,
        "100" : 0.000000,
        "250" : 0.000000,
        "500" : 0.000000,
        "750" : 0.000000,
        "1000" : 0.000000
      },
      "latency_us" : {
        "2" : 0.000000,
        "4" : 0.000000,
        "10" : 0.000000,
        "20" : 0.000000,
        "50" : 0.000000,
        "100" : 0.000000,
        "250" : 0.000000,
        "500" : 0.000000,
        "750" : 0.000000,
        "1000" : 0.000000
      },
      "latency_ms" : {
        "2" : 0.000000,
        "4" : 0.000000,
        "10" : 3.491211,
        "20" : 6.518555,
        "50" : 19.482422,
        "100" : 28.002930,
        "250" : 42.504883,
        "500" : 0.000000,
        "750" : 0.000000,
        "1000" : 0.000000,
        "2000" : 0.000000,
        ">=2000" : 0.000000
      },
      "latency_depth" : 1024,
      "latency_target" : 0,
      "latency_percentile" : 100.000000,