{
  "fio version" : "fio-3.16",
  "timestamp" : 1698259029,
  "timestamp_ms" : 1698259029871,
  "time" : "Wed Oct 25 14:37:09 2023",
  "global options" : {
    "bs" : "128k",
    "iodepth" : "8",
    "rwmixread" : "70"
  },
  "jobs" : [
    {
      "jobname" : "Job1",
      "groupid" : 0,
      "error" : 0,
      "eta" : 2147483647,
      "elapsed" : 1,
      "job options" : {
        "ioengine" : "libaio",
        "numjobs" : "1",
        "direct" : "1",
        "fsync" : "0",
        "rw" : "randrw",
        "size" : "512m",
        "filename" : "/dev/nvme0n1p5"
      },
      "read" : {
        "io_bytes" : 370147328,
        "io_kbytes" : 361472,
        "bw_bytes" : 1085476035,
        "bw" : 1060035,
        "iops" : 8281.524927,
        "runtime" : 341,
        "total_ios" : 2824,
        "short_ios" : 0,
        "drop_ios" : 0,
        "slat_ns" : {
          "min" : 13142,
          "max" : 83786,
          "mean" : 20185.723442,
          "stddev" : 8682.703892
        },
        "clat_ns" : {
          "min" : 135739,
          "max" : 2518171,
          "mean" : 862655.976275,
          "stddev" : 414255.966228,
          "percentile" : {
            "1.000000" : 193536,
            "5.000000" : 280576,
            "10.000000" : 342016,
            "20.000000" : 432128,
            "30.000000" : 569344,
            "40.000000" : 708608,
            "50.000000" : 839680,
            "60.000000" : 970752,
            "70.000000" : 1105920,
            "80.000000" : 1236992,
            "90.000000" : 1417216,
            "95.000000" : 1564672,
            "99.000000" : 1875968,
            "99.500000" : 1957888,
            "99.900000" : 2342912,
            "99.950000" : 2506752,
            "99.990000" : 2506752
          }
        },
        "lat_ns" : {
          "min" : 165095,
          "max" : 2538310,
          "mean" : 883290.891643,
          "stddev" : 412713.126976
        },
        "bw_min" : 0,
        "bw_max" : 0,
        "bw_agg" : 0.000000,
        "bw_mean" : 0.000000,
        "bw_dev" : 0.000000,
        "bw_samples" : 0,
        "iops_min" : 0,
        "iops_max" : 0,
        "iops_mean" : 0.000000,
        "iops_stddev" : 0.000000,
        "iops_samples" : 0
      },
      "write" : {
        "io_bytes" : 166723584,
        "io_kbytes" : 162816,
        "bw_bytes" : 488925466,
        "bw" : 477466,
        "iops" : 3730.205279,
        "runtime" : 341,
        "total_ios" : 1272,
        "short_ios" : 0,
        "drop_ios" : 0,
        "slat_ns" : {
          "min" : 17821,
          "max" : 96704,
          "mean" : 31667.094340,
          "stddev" : 10457.024208
        },
        "clat_ns" : {
          "min" : 62743,
          "max" : 359772,
          "mean" : 133344.353774,
          "stddev" : 48209.043129,
          "percentile" : {
            "1.000000" : 66048,
            "5.000000" : 72192,
            "10.000000" : 79360,
            "20.000000" : 89600,
            "30.000000" : 100864,
            "40.000000" : 112128,
            "50.000000" : 125440,
            "60.000000" : 140288,
            "70.000000" : 152576,
            "80.000000" : 168960,
            "90.000000" : 197632,
            "95.000000" : 228352,
            "99.000000" : 276480,
            "99.500000" : 288768,
            "99.900000" : 342016,
            "99.950000" : 358400,
            "99.990000" : 358400
          }
        },
        "lat_ns" : {
          "min" : 87049,
          "max" : 403501,
          "mean" : 165541.711478,
          "stddev" : 50133.381652
        },
        "bw_min" : 0,
        "bw_max" : 0,
        "bw_agg" : 0.000000,
        "bw_mean" : 0.000000,
        "bw_dev" : 0.000000,
        "bw_samples" : 0,
        "iops_min" : 0,
        "iops_max" : 0,
        "iops_mean" : 0.000000,
        "iops_stddev" : 0.000000,
        "iops_samples" : 0
      },
      "trim" : {
        "io_bytes" : 0,
        "io_kbytes" : 0,
        "bw_bytes" : 0,
        "bw" : 0,
        "iops" : 0.000000,
        "runtime" : 0,
        "total_ios" : 0,
        "short_ios" : 0,
        "drop_ios" : 0,
        "slat_ns" : {
          "min" : 0,
          "max" : 0,
          "mean" : 0.000000,
          "stddev" : 0.000000
        },
        "clat_ns" : {
          "min" : 0,
          "max" : 0,
          "mean" : 0.000000,
          "stddev" : 0.000000,
          "percentile" : {
            "1.000000" : 0,
            "5.000000" : 0,
            "10.000000" : 0,
            "20.000000" : 0,
            "30.000000" : 0,
            "40.000000" : 0,
            "50.000000" : 0,
            "60.000000" : 0,
            "70.000000" : 0,
            "80.000000" : 0,
            "90.000000" : 0,
            "95.000000" : 0,
            "99.000000" : 0,
            "99.500000" : 0,
            "99.900000" : 0,
            "99.950000" : 0,
            "99.990000" : 0
          }
        },
        "lat_ns" : {
          "min" : 0,
          "max" : 0,
          "mean" : 0.000000,
          "stddev" : 0.000000
        },
        "bw_min" : 0,
        "bw_max" : 0,
        "bw_agg" : 0.000000,
        "bw_mean" : 0.000000,
        "bw_dev" : 0.000000,
        "bw_samples" : 0,
        "iops_min" : 0,
        "iops_max" : 0,
        "iops_mean" : 0.000000,
        "iops_stddev" : 0.000000,
        "iops_samples" : 0
      },
      "sync" : {
        "lat_ns" : {
          "min" : 0,
          "max" : 0,
          "mean" : 0.000000,
          "stddev" : 0.000000,
          "percentile" : {
            "1.000000" : 0,
            "5.000000" : 0,
            "10.000000" : 0,
            "20.000000" : 0,
            "30.000000" : 0,
            "40.000000" : 0,
            "50.000000" : 0,
            "60.000000" : 0,
            "70.000000" : 0,
            "80.000000" : 0,
            "90.000000" : 0,
            "95.000000" : 0,
            "99.000000" : 0,
            "99.500000" : 0,
            "99.900000" : 0,
            "99.950000" : 0,
            "99.990000" : 0
          }
        },
        "total_ios" : 0
      },
      "job_runtime" : 340,
      "usr_cpu" : 10.882353,
      "sys_cpu" : 34.117647,
      "ctx" : 1520,
      "majf" : 0,
      "minf" : 12,
      "iodepth_level" : {
        "1" : 0.100000,
        "2" : 0.100000,
        "4" : 0.100000,
        "8" : 99.829102,
        "16" : 0.000000,
        "32" : 0.000000,
        ">=64" : 0.000000
      },
      "iodepth_submit" : {
        "0" : 0.000000,
        "4" : 100.000000,
        "8" : 0.000000,
        "16" : 0.000000,
        "32" : 0.000000,
        "64" : 0.000000,
        ">=64" : 0.000000
      },
      "iodepth_complete" : {
        "0" : 0.000000,
        "4" : 99.975550,
        "8" : 0.100000,
        "16" : 0.000000,
        "32" : 0.000000,
        "64" : 0.000000,
        ">=64" : 0.000000
      },
      "latency_ns" : {
        "2" : 0.000000,
        "4" : 0.000000,
        "10" : 0.000000,
        "20" : 0.000000,
        "50" : 0.000000,
        "100" : 0.000000,
        "250" : 0.000000,
        "500" : 0.000000,
        "750" : 0.000000,
        "1000" : 0.000000
      },
      "latency_us" : {
        "2" : 0.000000,
        "4" : 0.000000,
        "10" : 0.000000,
        "20" : 0.000000,
        "50" : 0.000000,
        "100" : 9.204102,
        "250" : 23.315430,
        "500" : 16.137695,
        "750" : 11.962891,
        "1000" : 13.427734
      },
      "latency_ms" : {
        "2" : 25.708008,
        "4" : 0.244141,
        "10" : 0.000000,
        "20" : 0.000000,
        "50" : 0.000000,
        "100" : 0.000000,
        "250" : 0.000000,
        "500" : 0.000000,
        "750" : 0.000000,
        "1000" : 0.000000,
        "2000" : 0.000000,
        ">=2000" : 0.000000
      },
      "latency_depth" : 8,
      "latency_target" : 0,
      "latency_percentile" : 100.000000,
      "latency_window" : 0
    }
  ],
  "disk_util" : [
    {
      "name" : "nvme0n1",
      "read_ios" : 1250,
      "write_ios" : 538,