{
  "fio version" : "fio-3.16",
  "timestamp" : 1698259033,
  "timestamp_ms" : 1698259033286,
  "time" : "Wed Oct 25 14:37:13 2023",
  "global options" : {
    "bs" : "128k",
    "iodepth" : "32",
    "rwmixread" : "70"
  },
  "jobs" : [
    {
      "jobname" : "Job1",
      "groupid" : 0,
      "error" : 0,
      "eta" : 2147483647,
      "elapsed" : 1,
      "job options" : {
        "ioengine" : "libaio",
        "numjobs" : "1",
        "direct" : "1",
        "fsync" : "0",
        "rw" : "randrw",
        "size" : "512m",
        "filename" : "/dev/nvme0n1p5"
      },
      "read" : {
        "io_bytes" : 370147328,
        "io_kbytes" : 361472,
        "bw_bytes" : 1079146728,
        "bw" : 1053854,
        "iops" : 8233.236152,
        "runtime" : 343,
        "total_ios" : 2824,
        "short_ios" : 0,
        "drop_ios" : 0,
        "slat_ns" : {
          "min" : 13112,
          "max" : 70149,
          "mean" : 20524.317989,
          "stddev" : 8442.419796
        },
        "clat_ns" : {
          "min" : 726104,
          "max" : 21780805,
          "mean" : 3763568.979462,
          "stddev" : 1825122.107073,
          "percentile" : {
            "1.000000" : 2277376,
            "5.000000" : 2572288,
            "10.000000" : 2801664,
            "20.000000" : 3031040,
            "30.000000" : 3227648,
            "40.000000" : 3391488,
            "50.000000" : 3555328,
            "60.000000" : 3719168,
            "70.000000" : 3883008,
            "80.000000" : 4112384,
            "90.000000" : 4423680,
            "95.000000" : 4816896,
            "99.000000" : 12910592,
            "99.500000" : 20578304,
            "99.900000" : 21364736,
            "99.950000" : 21626880,
            "99.990000" : 21889024
          }
        },
        "lat_ns" : {
          "min" : 744021,
          "max" : 21795795,
          "mean" : 3784550.853045,
          "stddev" : 1824792.182196
        },
        "bw_min" : 0,
        "bw_max" : 0,
        "bw_agg" : 0.000000,
        "bw_mean" : 0.000000,
        "bw_dev" : 0.000000,
        "bw_samples" : 0,
        "iops_min" : 0,
        "iops_max" : 0,
        "iops_mean" : 0.000000,
        "iops_stddev" : 0.000000,
        "iops_samples" : 0
      },
      "write" : {
        "io_bytes" : 166723584,
        "io_kbytes" : 162816,
        "bw_bytes" : 486074588,
        "bw" : 474682,
        "iops" : 3708.454810,
        "runtime" : 343,
        "total_ios" : 1272,
        "short_ios" : 0,
        "drop_ios" : 0,
        "slat_ns" : {
          "min" : 17509,
          "max" : 114996,
          "mean" : 31638.474057,
          "stddev" : 9883.049631
        },
        "clat_ns" : {
          "min" : 60049,
          "max" : 2232763,
          "mean" : 150497.307390,
          "stddev" : 108331.393417,
          "percentile" : {
            "1.000000" : 67072,
            "5.000000" : 72192,
            "10.000000" : 79360,
            "20.000000" : 90624,
            "30.000000" : 105984,
            "40.000000" : 118272,
            "50.000000" : 132096,
            "60.000000" : 150528,
            "70.000000" : 168960,
            "80.000000" : 191488,
            "90.000000" : 224256,
            "95.000000" : 261120,
            "99.000000" : 473088,
            "99.500000" : 610304,
            "99.900000" : 2146304,
            "99.950000" : 2244608,
            "99.990000" : 2244608
          }
        },
        "lat_ns" : {
          "min" : 85958,
          "max" : 2258006,
          "mean" : 182635.148585,
          "stddev" : 108389.049727
        },
        "bw_min" : 0,
        "bw_max" : 0,
        "bw_agg" : 0.000000,
        "bw_mean" : 0.000000,
        "bw_dev" : 0.000000,
        "bw_samples" : 0,
        "iops_min" : 0,
        "iops_max" : 0,
        "iops_mean" : 0.000000,
        "iops_stddev" : 0.000000,
        "iops_samples" : 0
      },
      "trim" : {
        "io_bytes" : 0,
        "io_kbytes" : 0,
        "bw_bytes" : 0,
        "bw" : 0,
        "iops" : 0.000000,
        "runtime" : 0,
        "total_ios" : 0,
        "short_ios" : 0,
        "drop_ios" : 0,
        "slat_ns" : {
          "min" : 0,
          "max" : 0,
          "mean" : 0.000000,
          "stddev" : 0.000000
        },
        "clat_ns" : {
          "min" : 0,
          "max" : 0,
          "mean" : 0.000000,
          "stddev" : 0.000000,
          "percentile" : {
            "1.000000" : 0,
            "5.000000" : 0,
            "10.000000" : 0,
            "20.000000" : 0,
            "30.000000" : 0,
            "40.000000" : 0,
            "50.000000" : 0,
            "60.000000" : 0,
            "70.000000" : 0,
            "80.000000" : 0,
            "90.000000" : 0,
            "95.000000" : 0,
            "99.000000" : 0,
            "99.500000" : 0,
            "99.900000" : 0,
            "99.950000" : 0,
            "99.990000" : 0
          }
        },
        "lat_ns" : {
          "min" : 0,
          "max" : 0,
          "mean" : 0.000000,
          "stddev" : 0.000000
        },
        "bw_min" : 0,
        "bw_max" : 0,
        "bw_agg" : 0.000000,
        "bw_mean" : 0.000000,
        "bw_dev" : 0.000000,
        "bw_samples" : 0,
        "iops_min" : 0,
        "iops_max" : 0,
        "iops_mean" : 0.000000,
        "iops_stddev" : 0.000000,
        "iops_samples" : 0
      },
      "sync" : {
        "lat_ns" : {
          "min" : 0,
          "max" : 0,
          "mean" : 0.000000,
          "stddev" : 0.000000,
          "percentile" : {
            "1.000000" : 0,
            "5.000000" : 0,
            "10.000000" : 0,
            "20.000000" : 0,
            "30.000000" : 0,
            "40.000000" : 0,
            "50.000000" : 0,
            "60.000000" : 0,
            "70.000000" : 0,
            "80.000000" : 0,
            "90.000000" : 0,
            "95.000000" : 0,
            "99.000000" : 0,
            "99.500000" : 0,
            "99.900000" : 0,
            "99.950000" : 0,
            "99.990000" : 0
          }
        },
        "total_ios" : 0
      },
      "job_runtime" : 342,
      "usr_cpu" : 8.479532,
      "sys_cpu" : 35.672515,
      "ctx" : 1442,
      "majf" : 0,
      "minf" : 11,
      "iodepth_level" : {
        "1" : 0.100000,
        "2" : 0.100000,
        "4" : 0.100000,
        "8" : 0.195312,
        "16" : 0.390625,
        "32" : 99.243164,
        ">=64" : 0.000000
      },
      "iodepth_submit" : {
        "0" : 0.000000,
        "4" : 100.000000,
        "8" : 0.000000,
        "16" : 0.000000,
        "32" : 0.000000,
        "64" : 0.000000,
        ">=64" : 0.000000
      },
      "iodepth_complete" : {
        "0" : 0.000000,
        "4" : 99.975406,
        "8" : 0.000000,
        "16" : 0.000000,
        "32" : 0.100000,
        "64" : 0.000000,
        ">=64" : 0.000000
      },
      "latency_ns" : {
        "2" : 0.000000,
        "4" : 0.000000,
        "10" : 0.000000,
        "20" : 0.000000,
        "50" : 0.000000,
        "100" : 0.000000,
        "250" : 0.000000,
        "500" : 0.000000,
        "750" : 0.000000,
        "1000" : 0.000000
      },
      "latency_us" : {
        "2" : 0.000000,
        "4" : 0.000000,
        "10" : 0.000000,
        "20" : 0.000000,
        "50" : 0.000000,
        "100" : 8.251953,
        "250" : 20.800781,
        "500" : 1.708984,
        "750" : 0.268555,
        "1000" : 0.170898
      },
      "latency_ms" : {
        "2" : 0.073242,
        "4" : 52.099609,
        "10" : 15.747070,
        "20" : 0.317383,
        "50" : 0.561523,
        "100" : 0.000000,
        "250" : 0.000000,
        "500" : 0.000000,
        "750" : 0.000000,
        "1000" : 0.000000,
        "2000" : 0.000000,
        ">=2000" : 0.000000
      },
      "latency_depth" : 32,
      "latency_target" : 0,
      "latency_percentile" : 100.000000,
      "latency_window" : 0
    }
  ],
  "disk_util" : [
    {
      "name" : "nvme0n1",
      "read_ios" : 1267,