{
  "fio version" : "fio-3.16",
  "timestamp" : 1698258978,
  "timestamp_ms" : 1698258978513,
  "time" : "Wed Oct 25 14:36:18 2023",
  "global options" : {
    "bs" : "16k",
    "iodepth" : "1",
    "rwmixread" : "50"
  },
  "jobs" : [
    {
      "jobname" : "Job1",
      "groupid" : 0,
      "error" : 0,
      "eta" : 0,
      "elapsed" : 4,
      "job options" : {
        "ioengine" : "libaio",
        "numjobs" : "1",
        "direct" : "1",
        "fsync" : "0",
        "rw" : "randrw",
        "size" : "512m",
        "filename" : "/dev/nvme0n1p5"
      },
      "read" : {
        "io_bytes" : 268533760,
        "io_kbytes" : 262240,
        "bw_bytes" : 87813525,
        "bw" : 85755,
        "iops" : 5359.712230,
        "runtime" : 3058,
        "total_ios" : 16390,
        "short_ios" : 0,
        "drop_ios" : 0,
        "slat_ns" : {
          "min" : 1394,
          "max" : 200833,
          "mean" : 11856.079256,
          "stddev" : 8257.506035
        },
        "clat_ns" : {
          "min" : 3797,
          "max" : 4525784,
          "mean" : 122012.665894,
          "stddev" : 88349.943304,
          "percentile" : {
            "1.000000" : 55552,
            "5.000000" : 63744,
            "10.000000" : 73216,
            "20.000000" : 82432,
            "30.000000" : 88576,
            "40.000000" : 92672,
            "50.000000" : 97792,
            "60.000000" : 105984,
            "70.000000" : 138240,
            "80.000000" : 162816,
            "90.000000" : 177152,
            "95.000000" : 246784,
            "99.000000" : 342016,
            "99.500000" : 399360,
            "99.900000" : 509952,
            "99.950000" : 522240,
            "99.990000" : 4292608
          }
        },
        "lat_ns" : {
          "min" : 41302,
          "max" : 4534962,
          "mean" : 134329.858511,
          "stddev" : 89973.594797
        },
        "bw_min" : 80256,
        "bw_max" : 94304,
        "bw_agg" : 100.000000,
        "bw_mean" : 85808.000000,
        "bw_dev" : 5506.557545,
        "bw_samples" : 6,
        "iops_min" : 5016,
        "iops_max" : 5894,
        "iops_mean" : 5363.000000,
        "iops_stddev" : 344.159847,
        "iops_samples" : 6
      },
      "write" : {
        "io_bytes" : 268337152,
        "io_kbytes" : 262048,
        "bw_bytes" : 87749232,
        "bw" : 85692,
        "iops" : 5355.788097,
        "runtime" : 3058,
        "total_ios" : 16378,
        "short_ios" : 0,
        "drop_ios" : 0,
        "slat_ns" : {
          "min" : 1614,
          "max" : 195710,
          "mean" : 12328.604714,
          "stddev" : 8098.191575
        },
        "clat_ns" : {
          "min" : 3121,
          "max" : 423894,
          "mean" : 32245.421297,
          "stddev" : 14248.869262,
          "percentile" : {
            "1.000000" : 15552,
            "5.000000" : 15808,
            "10.000000" : 17536,
            "20.000000" : 27008,
            "30.000000" : 27264,
            "40.000000" : 27520,
            "50.000000" : 28032,
            "60.000000" : 28800,
            "70.000000" : 33024,
            "80.000000" : 38144,
            "90.000000" : 46336,
            "95.000000" : 54016,
            "99.000000" : 87552,
            "99.500000" : 123392,
            "99.900000" : 136192,
            "99.950000" : 154624,
            "99.990000" : 292864
          }
        },
        "lat_ns" : {
          "min" : 17097,
          "max" : 434328,
          "mean" : 45015.395042,
          "stddev" : 17804.658231
        },
        "bw_min" : 79136,
        "bw_max" : 92160,
        "bw_agg" : 99.830400,
        "bw_mean" : 85546.666667,
        "bw_dev" : 5088.449456,
        "bw_samples" : 6,
        "iops_min" : 4946,
        "iops_max" : 5760,
        "iops_mean" : 5346.666667,
        "iops_stddev" : 318.028091,
        "iops_samples" : 6
      },
      "trim" : {
        "io_bytes" : 0,
        "io_kbytes" : 0,
        "bw_bytes" : 0,
        "bw" : 0,
        "iops" : 0.000000,
        "runtime" : 0,
        "total_ios" : 0,
        "short_ios" : 0,
        "drop_ios" : 0,
        "slat_ns" : {
          "min" : 0,
          "max" : 0,
          "mean" : 0.000000,
          "stddev" : 0.000000
        },
        "clat_ns" : {
          "min" : 0,
          "max" : 0,
          "mean" : 0.000000,
          "stddev" : 0.000000,
          "percentile" : {
            "1.000000" : 0,
            "5.000000" : 0,
            "10.000000" : 0,
            "20.000000" : 0,
            "30.000000" : 0,
            "40.000000" : 0,
            "50.000000" : 0,
            "60.000000" : 0,
            "70.000000" : 0,
            "80.000000" : 0,
            "90.000000" : 0,
            "95.000000" : 0,
            "99.000000" : 0,
            "99.500000" : 0,
            "99.900000" : 0,
            "99.950000" : 0,
            "99.990000" : 0
          }
        },
        "lat_ns" : {
          "min" : 0,
          "max" : 0,
          "mean" : 0.000000,
          "stddev" : 0.000000
        },
        "bw_min" : 0,
        "bw_max" : 0,
        "bw_agg" : 0.000000,
        "bw_mean" : 0.000000,
        "bw_dev" : 0.000000,
        "bw_samples" : 0,
        "iops_min" : 0,
        "iops_max" : 0,
        "iops_mean" : 0.000000,
        "iops_stddev" : 0.000000,
        "iops_samples" : 0
      },
      "sync" : {
        "lat_ns" : {
          "min" : 0,
          "max" : 0,
          "mean" : 0.000000,
          "stddev" : 0.000000,
          "percentile" : {
            "1.000000" : 0,
            "5.000000" : 0,
            "10.000000" : 0,
            "20.000000" : 0,
            "30.000000" : 0,
            "40.000000" : 0,
            "50.000000" : 0,
            "60.000000" : 0,
            "70.000000" : 0,
            "80.000000" : 0,
            "90.000000" : 0,
            "95.000000" : 0,
            "99.000000" : 0,
            "99.500000" : 0,
            "99.900000" : 0,
            "99.950000" : 0,
            "99.990000" : 0
          }
        },
        "total_ios" : 0
      },
      "job_runtime" : 3057,
      "usr_cpu" : 9.551848,
      "sys_cpu" : 22.603860,
      "ctx" : 32778,
      "majf" : 0,
      "minf" : 13,
      "iodepth_level" : {
        "1" : 100.000000,
        "2" : 0.000000,
        "4" : 0.000000,
        "8" : 0.000000,
        "16" : 0.000000,
        "32" : 0.000000,
        ">=64" : 0.000000
      },
      "iodepth_submit" : {
        "0" : 0.000000,
        "4" : 100.000000,
        "8" : 0.000000,
        "16" : 0.000000,
        "32" : 0.000000,
        "64" : 0.000000,
        ">=64" : 0.000000
      },
      "iodepth_complete" : {
        "0" : 0.000000,
        "4" : 100.000000,
        "8" : 0.000000,
        "16" : 0.000000,
        "32" : 0.000000,
        "64" : 0.000000,
        ">=64" : 0.000000
      },
      "latency_ns" : {
        "2" : 0.000000,
        "4" : 0.000000,
        "10" : 0.000000,
        "20" : 0.000000,
        "50" : 0.000000,
        "100" : 0.000000,
        "250" : 0.000000,
        "500" : 0.000000,
        "750" : 0.000000,
        "1000" : 0.000000
      },
      "latency_us" : {
        "2" : 0.000000,
        "4" : 0.010000,
        "10" : 0.018311,
        "20" : 5.636597,
        "50" : 40.713501,
        "100" : 29.528809,
        "250" : 21.655273,
        "500" : 2.346802,
        "750" : 0.079346,
        "1000" : 0.000000
      },
      "latency_ms" : {
        "2" : 0.000000,
        "4" : 0.000000,
        "10" : 0.012207,
        "20" : 0.000000,
        "50" : 0.000000,
        "100" : 0.000000,
        "250" : 0.000000,
        "500" : 0.000000,
        "750" : 0.000000,
        "1000" : 0.000000,
        "2000" : 0.000000,
        ">=2000" : 0.000000
      },
      "latency_depth" : 1,
      "latency_target" : 0,
      "latency_percentile" : 100.000000,
      "latency_window" : 0
    }
  ],
  "disk_util" : [
    {
      "name" : "nvme0n1",
      "read_ios" : 15579,
      "write_ios" : 15523,