{
  "fio version" : "fio-3.16",
  "timestamp" : 1698258950,
  "timestamp_ms" : 1698258950971,
  "time" : "Wed Oct 25 14:35:50 2023",
  "global options" : {
    "bs" : "4k",
    "iodepth" : "1",
    "rwmixread" : "70"
  },
  "jobs" : [
    {
      "jobname" : "Job1",
      "groupid" : 0,
      "error" : 0,
      "eta" : 0,
      "elapsed" : 9,
      "job options" : {
        "ioengine" : "libaio",
        "numjobs" : "1",
        "direct" : "1",
        "fsync" : "0",
        "rw" : "randrw",
        "size" : "512m",
        "filename" : "/dev/nvme0n1p5"
      },
      "read" : {
        "io_bytes" : 376127488,
        "io_kbytes" : 367312,
        "bw_bytes" : 43827486,
        "bw" : 42800,
        "iops" : 10700.069914,
        "runtime" : 8582,
        "total_ios" : 91828,
        "short_ios" : 0,
        "drop_ios" : 0,
        "slat_ns" : {
          "min" : 1050,
          "max" : 196673,
          "mean" : 7486.925208,
          "stddev" : 4760.245714
        },
        "clat_ns" : {
          "min" : 1594,
          "max" : 669791,
          "mean" : 67041.187296,
          "stddev" : 29912.591487,
          "percentile" : {
            "1.000000" : 30080,
            "5.000000" : 37632,
            "10.000000" : 38144,
            "20.000000" : 38656,
            "30.000000" : 46848,
            "40.000000" : 70144,
            "50.000000" : 70144,
            "60.000000" : 71168,
            "70.000000" : 71168,
            "80.000000" : 75264,
            "90.000000" : 83456,
            "95.000000" : 120320,
            "99.000000" : 162816,
            "99.500000" : 240640,
            "99.900000" : 301056,
            "99.950000" : 354304,
            "99.990000" : 561152
          }
        },
        "lat_ns" : {
          "min" : 28640,
          "max" : 674181,
          "mean" : 74901.887366,
          "stddev" : 31171.732554
        },
        "bw_min" : 40992,
        "bw_max" : 47872,
        "bw_agg" : 99.892798,
        "bw_mean" : 42754.117647,
        "bw_dev" : 1524.585267,
        "bw_samples" : 17,
        "iops_min" : 10248,
        "iops_max" : 11968,
        "iops_mean" : 10688.529412,
        "iops_stddev" : 381.146317,
        "iops_samples" : 17
      },
      "write" : {
        "io_bytes" : 160743424,
        "io_kbytes" : 156976,
        "bw_bytes" : 18730298,
        "bw" : 18291,
        "iops" : 4572.826847,
        "runtime" : 8582,
        "total_ios" : 39244,
        "short_ios" : 0,
        "drop_ios" : 0,
        "slat_ns" : {
          "min" : 1156,
          "max" : 204166,
          "mean" : 8237.480022,
          "stddev" : 5060.751693
        },
        "clat_ns" : {
          "min" : 2309,
          "max" : 575192,
          "mean" : 23845.690985,
          "stddev" : 7092.615944,
          "percentile" : {
            "1.000000" : 11712,
            "5.000000" : 16320,
            "10.000000" : 21888,
            "20.000000" : 22144,
            "30.000000" : 22400,
            "40.000000" : 22400,
            "50.000000" : 22656,
            "60.000000" : 22912,
            "70.000000" : 23168,
            "80.000000" : 24448,
            "90.000000" : 28544,
            "95.000000" : 34048,
            "99.000000" : 44800,
            "99.500000" : 51968,
            "99.900000" : 90624,
            "99.950000" : 103936,
            "99.990000" : 220160
          }
        },
        "lat_ns" : {
          "min" : 12511,
          "max" : 579771,
          "mean" : 32452.403476,
          "stddev" : 10038.095611
        },
        "bw_min" : 17352,
        "bw_max" : 21216,
        "bw_agg" : 99.917992,
        "bw_mean" : 18276.000000,
        "bw_dev" : 903.583975,
        "bw_samples" : 17,
        "iops_min" : 4338,
        "iops_max" : 5304,
        "iops_mean" : 4569.000000,
        "iops_stddev" : 225.895994,
        "iops_samples" : 17
      },
      "trim" : {
        "io_bytes" : 0,
        "io_kbytes" : 0,
        "bw_bytes" : 0,
        "bw" : 0,
        "iops" : 0.000000,
        "runtime" : 0,
        "total_ios" : 0,
        "short_ios" : 0,
        "drop_ios" : 0,
        "slat_ns" : {
          "min" : 0,
          "max" : 0,
          "mean" : 0.000000,
          "stddev" : 0.000000
        },
        "clat_ns" : {
          "min" : 0,
          "max" : 0,
          "mean" : 0.000000,
          "stddev" : 0.000000,
          "percentile" : {
            "1.000000" : 0,
            "5.000000" : 0,
            "10.000000" : 0,
            "20.000000" : 0,
            "30.000000" : 0,
            "40.000000" : 0,
            "50.000000" : 0,
            "60.000000" : 0,
            "70.000000" : 0,
            "80.000000" : 0,
            "90.000000" : 0,
            "95.000000" : 0,
            "99.000000" : 0,
            "99.500000" : 0,
            "99.900000" : 0,
            "99.950000" : 0,
            "99.990000" : 0
          }
        },
        "lat_ns" : {
          "min" : 0,
          "max" : 0,
          "mean" : 0.000000,
          "stddev" : 0.000000
        },
        "bw_min" : 0,
        "bw_max" : 0,
        "bw_agg" : 0.000000,
        "bw_mean" : 0.000000,
        "bw_dev" : 0.000000,
        "bw_samples" : 0,
        "iops_min" : 0,
        "iops_max" : 0,
        "iops_mean" : 0.000000,
        "iops_stddev" : 0.000000,
        "iops_samples" : 0
      },
      "sync" : {
        "lat_ns" : {
          "min" : 0,
          "max" : 0,
          "mean" : 0.000000,
          "stddev" : 0.000000,
          "percentile" : {
            "1.000000" : 0,
            "5.000000" : 0,
            "10.000000" : 0,
            "20.000000" : 0,
            "30.000000" : 0,
            "40.000000" : 0,
            "50.000000" : 0,
            "60.000000" : 0,
            "70.000000" : 0,
            "80.000000" : 0,
            "90.000000" : 0,
            "95.000000" : 0,
            "99.000000" : 0,
            "99.500000" : 0,
            "99.900000" : 0,
            "99.950000" : 0,
            "99.990000" : 0
          }
        },
        "total_ios" : 0
      },
      "job_runtime" : 8581,
      "usr_cpu" : 13.028785,
      "sys_cpu" : 21.279571,
      "ctx" : 131094,
      "majf" : 0,
      "minf" : 14,
      "iodepth_level" : {
        "1" : 100.000000,
        "2" : 0.000000,
        "4" : 0.000000,
        "8" : 0.000000,
        "16" : 0.000000,
        "32" : 0.000000,
        ">=64" : 0.000000
      },
      "iodepth_submit" : {
        "0" : 0.000000,
        "4" : 100.000000,
        "8" : 0.000000,
        "16" : 0.000000,
        "32" : 0.000000,
        "64" : 0.000000,
        ">=64" : 0.000000
      },
      "iodepth_complete" : {
        "0" : 0.000000,
        "4" : 100.000000,
        "8" : 0.000000,
        "16" : 0.000000,
        "32" : 0.000000,
        "64" : 0.000000,
        ">=64" : 0.000000
      },
      "latency_ns" : {
        "2" : 0.000000,
        "4" : 0.000000,
        "10" : 0.000000,
        "20" : 0.000000,
        "50" : 0.000000,
        "100" : 0.000000,
        "250" : 0.000000,
        "500" : 0.000000,
        "750" : 0.000000,
        "1000" : 0.000000
      },
      "latency_us" : {
        "2" : 0.010000,
        "4" : 0.010000,
        "10" : 0.012970,
        "20" : 1.840973,
        "50" : 50.299835,
        "100" : 43.566132,
        "250" : 3.950500,
        "500" : 0.306702,
        "750" : 0.013733,
        "1000" : 0.000000
      },
      "latency_ms" : {
        "2" : 0.000000,
        "4" : 0.000000,
        "10" : 0.000000,
        "20" : 0.000000,
        "50" : 0.000000,
        "100" : 0.000000,
        "250" : 0.000000,
        "500" : 0.000000,
        "750" : 0.000000,
        "1000" : 0.000000,
        "2000" : 0.000000,
        ">=2000" : 0.000000
      },
      "latency_depth" : 1,
      "latency_target" : 0,
      "latency_percentile" : 100.000000,
      "latency_window" : 0
    }
  ],
  "disk_util" : [
    {
      "name" : "nvme0n1",
      "read_ios" : 89823,
      "write_ios" : 38424,