{
  "fio version" : "fio-3.16",
  "timestamp" : 1698259047,
  "timestamp_ms" : 1698259047453,
  "time" : "Wed Oct 25 14:37:27 2023",
  "global options" : {
    "bs" : "256k",
    "iodepth" : "8",
    "rwmixread" : "50"
  },
  "jobs" : [
    {
      "jobname" : "Job1",
      "groupid" : 0,
      "error" : 0,
      "eta" : 2147483647,
      "elapsed" : 1,
      "job options" : {
        "ioengine" : "libaio",
        "numjobs" : "1",
        "direct" : "1",
        "fsync" : "0",
        "rw" : "randrw",
        "size" : "512m",
        "filename" : "/dev/nvme0n1p5"
      },
      "read" : {
        "io_bytes" : 260571136,
        "io_kbytes" : 254464,
        "bw_bytes" : 761903906,
        "bw" : 744046,
        "iops" : 2906.432749,
        "runtime" : 342,
        "total_ios" : 994,
        "short_ios" : 0,
        "drop_ios" : 0,
        "slat_ns" : {
          "min" : 7865,
          "max" : 124645,
          "mean" : 32076.530181,
          "stddev" : 12219.587429
        },
        "clat_ns" : {
          "min" : 291249,
          "max" : 20763080,
          "mean" : 2335306.036217,
          "stddev" : 1695483.927281,
          "percentile" : {
            "1.000000" : 593920,
            "5.000000" : 897024,
            "10.000000" : 1122304,
            "20.000000" : 1597440,
            "30.000000" : 1810432,
            "40.000000" : 2007040,
            "50.000000" : 2179072,
            "60.000000" : 2375680,
            "70.000000" : 2572288,
            "80.000000" : 2768896,
            "90.000000" : 3162112,
            "95.000000" : 3751936,
            "99.000000" : 5799936,
            "99.500000" : 19791872,
            "99.900000" : 20840448,
            "99.950000" : 20840448,
            "99.990000" : 20840448
          }
        },
        "lat_ns" : {
          "min" : 316213,
          "max" : 20783647,
          "mean" : 2367960.015091,
          "stddev" : 1693666.412978
        },
        "bw_min" : 0,
        "bw_max" : 0,
        "bw_agg" : 0.000000,
        "bw_mean" : 0.000000,
        "bw_dev" : 0.000000,
        "bw_samples" : 0,
        "iops_min" : 0,
        "iops_max" : 0,
        "iops_mean" : 0.000000,
        "iops_stddev" : 0.000000,
        "iops_samples" : 0
      },
      "write" : {
        "io_bytes" : 276299776,
        "io_kbytes" : 269824,
        "bw_bytes" : 807894081,
        "bw" : 788959,
        "iops" : 3081.871345,
        "runtime" : 342,
        "total_ios" : 1054,
        "short_ios" : 0,
        "drop_ios" : 0,
        "slat_ns" : {
          "min" : 13753,
          "max" : 113305,
          "mean" : 50343.499051,
          "stddev" : 13872.545717
        },
        "clat_ns" : {
          "min" : 104577,
          "max" : 1095943,
          "mean" : 298892.843454,
          "stddev" : 145420.886656,
          "percentile" : {
            "1.000000" : 116224,
            "5.000000" : 134144,
            "10.000000" : 156672,
            "20.000000" : 185344,
            "30.000000" : 207872,
            "40.000000" : 236544,
            "50.000000" : 264192,
            "60.000000" : 296960,
            "70.000000" : 333824,
            "80.000000" : 382976,
            "90.000000" : 489472,
            "95.000000" : 610304,
            "99.000000" : 790528,
            "99.500000" : 880640,
            "99.900000" : 937984,
            "99.950000" : 1089536,
            "99.990000" : 1089536
          }
        },
        "lat_ns" : {
          "min" : 129416,
          "max" : 1144958,
          "mean" : 349864.907021,
          "stddev" : 144155.351076
        },
        "bw_min" : 0,
        "bw_max" : 0,
        "bw_agg" : 0.000000,
        "bw_mean" : 0.000000,
        "bw_dev" : 0.000000,
        "bw_samples" : 0,
        "iops_min" : 0,
        "iops_max" : 0,
        "iops_mean" : 0.000000,
        "iops_stddev" : 0.000000,
        "iops_samples" : 0
      },
      "trim" : {
        "io_bytes" : 0,
        "io_kbytes" : 0,
        "bw_bytes" : 0,
        "bw" : 0,
        "iops" : 0.000000,
        "runtime" : 0,
        "total_ios" : 0,
        "short_ios" : 0,
        "drop_ios" : 0,
        "slat_ns" : {
          "min" : 0,
          "max" : 0,
          "mean" : 0.000000,
          "stddev" : 0.000000
        },
        "clat_ns" : {
          "min" : 0,
          "max" : 0,
          "mean" : 0.000000,
          "stddev" : 0.000000,
          "percentile" : {
            "1.000000" : 0,
            "5.000000" : 0,
            "10.000000" : 0,
            "20.000000" : 0,
            "30.000000" : 0,
            "40.000000" : 0,
            "50.000000" : 0,
            "60.000000" : 0,
            "70.000000" : 0,
            "80.000000" : 0,
            "90.000000" : 0,
            "95.000000" : 0,
            "99.000000" : 0,
            "99.500000" : 0,
            "99.900000" : 0,
            "99.950000" : 0,
            "99.990000" : 0
          }
        },
        "lat_ns" : {
          "min" : 0,
          "max" : 0,
          "mean" : 0.000000,
          "stddev" : 0.000000
        },
        "bw_min" : 0,
        "bw_max" : 0,
        "bw_agg" : 0.000000,
        "bw_mean" : 0.000000,
        "bw_dev" : 0.000000,
        "bw_samples" : 0,
        "iops_min" : 0,
        "iops_max" : 0,
        "iops_mean" : 0.000000,
        "iops_stddev" : 0.000000,
        "iops_samples" : 0
      },
      "sync" : {
        "lat_ns" : {
          "min" : 0,
          "max" : 0,
          "mean" : 0.000000,
          "stddev" : 0.000000,
          "percentile" : {
            "1.000000" : 0,
            "5.000000" : 0,
            "10.000000" : 0,
            "20.000000" : 0,
            "30.000000" : 0,
            "40.000000" : 0,
            "50.000000" : 0,
            "60.000000" : 0,
            "70.000000" : 0,
            "80.000000" : 0,
            "90.000000" : 0,
            "95.000000" : 0,
            "99.000000" : 0,
            "99.500000" : 0,
            "99.900000" : 0,
            "99.950000" : 0,
            "99.990000" : 0
          }
        },
        "total_ios" : 0
      },
      "job_runtime" : 341,
      "usr_cpu" : 14.956012,
      "sys_cpu" : 22.580645,
      "ctx" : 1004,
      "majf" : 0,
      "minf" : 12,
      "iodepth_level" : {
        "1" : 0.100000,
        "2" : 0.100000,
        "4" : 0.195312,
        "8" : 99.658203,
        "16" : 0.000000,
        "32" : 0.000000,
        ">=64" : 0.000000
      },
      "iodepth_submit" : {
        "0" : 0.000000,
        "4" : 100.000000,
        "8" : 0.000000,
        "16" : 0.000000,
        "32" : 0.000000,
        "64" : 0.000000,
        ">=64" : 0.000000
      },
      "iodepth_complete" : {
        "0" : 0.000000,
        "4" : 99.951028,
        "8" : 0.100000,
        "16" : 0.000000,
        "32" : 0.000000,
        "64" : 0.000000,
        ">=64" : 0.000000
      },
      "latency_ns" : {
        "2" : 0.000000,
        "4" : 0.000000,
        "10" : 0.000000,
        "20" : 0.000000,
        "50" : 0.000000,
        "100" : 0.000000,
        "250" : 0.000000,
        "500" : 0.000000,
        "750" : 0.000000,
        "1000" : 0.000000
      },
      "latency_us" : {
        "2" : 0.000000,
        "4" : 0.000000,
        "10" : 0.000000,
        "20" : 0.000000,
        "50" : 0.000000,
        "100" : 0.000000,
        "250" : 22.949219,
        "500" : 23.828125,
        "750" : 5.126953,
        "1000" : 3.466797
      },
      "latency_ms" : {
        "2" : 15.185547,
        "4" : 27.636719,
        "10" : 1.416016,
        "20" : 0.195312,
        "50" : 0.195312,
        "100" : 0.000000,
        "250" : 0.000000,
        "500" : 0.000000,
        "750" : 0.000000,
        "1000" : 0.000000,
        "2000" : 0.000000,
        ">=2000" : 0.000000
      },
      "latency_depth" : 8,
      "latency_target" : 0,
      "latency_percentile" : 100.000000,
      "latency_window" : 0
    }
  ],
  "disk_util" : [
    {
      "name" : "nvme0n1",
      "read_ios" : 400,