{
  "fio version" : "fio-3.16",
  "timestamp" : 1698259012,
  "timestamp_ms" : 1698259012826,
  "time" : "Wed Oct 25 14:36:52 2023",
  "global options" : {
    "bs" : "32k",
    "iodepth" : "32",
    "rwmixread" : "50"
  },
  "jobs" : [
    {
      "jobname" : "Job1",
      "groupid" : 0,
      "error" : 0,
      "eta" : 2147483647,
      "elapsed" : 1,
      "job options" : {
        "ioengine" : "libaio",
        "numjobs" : "1",
        "direct" : "1",
        "fsync" : "0",
        "rw" : "randrw",
        "size" : "512m",
        "filename" : "/dev/nvme0n1p5"
      },
      "read" : {
        "io_bytes" : 267386880,
        "io_kbytes" : 261120,
        "bw_bytes" : 652163121,
        "bw" : 636878,
        "iops" : 19902.439024,
        "runtime" : 410,
        "total_ios" : 8160,
        "short_ios" : 0,
        "drop_ios" : 0,
        "slat_ns" : {
          "min" : 2426,
          "max" : 99746,
          "mean" : 8479.725368,
          "stddev" : 4221.406083
        },
        "clat_ns" : {
          "min" : 146824,
          "max" : 20576808,
          "mean" : 1471345.674142,
          "stddev" : 1238420.741557,
          "percentile" : {
            "1.000000" : 280576,
            "5.000000" : 419840,
            "10.000000" : 522240,
            "20.000000" : 692224,
            "30.000000" : 954368,
            "40.000000" : 1171456,
            "50.000000" : 1351680,
            "60.000000" : 1515520,
            "70.000000" : 1679360,
            "80.000000" : 1908736,
            "90.000000" : 2342912,
            "95.000000" : 2965504,
            "99.000000" : 4145152,
            "99.500000" : 9109504,
            "99.900000" : 19529728,
            "99.950000" : 19791872,
            "99.990000" : 20578304
          }
        },
        "lat_ns" : {
          "min" : 151530,
          "max" : 20583008,
          "mean" : 1480089.337255,
          "stddev" : 1238171.163608
        },
        "bw_min" : 0,
        "bw_max" : 0,
        "bw_agg" : 0.000000,
        "bw_mean" : 0.000000,
        "bw_dev" : 0.000000,
        "bw_samples" : 0,
        "iops_min" : 0,
        "iops_max" : 0,
        "iops_mean" : 0.000000,
        "iops_stddev" : 0.000000,
        "iops_samples" : 0
      },
      "write" : {
        "io_bytes" : 269484032,
        "io_kbytes" : 263168,
        "bw_bytes" : 657278126,
        "bw" : 641873,
        "iops" : 20058.536585,
        "runtime" : 410,
        "total_ios" : 8224,
        "short_ios" : 0,
        "drop_ios" : 0,
        "slat_ns" : {
          "min" : 3094,
          "max" : 55665,
          "mean" : 10508.806785,
          "stddev" : 4712.540781
        },
        "clat_ns" : {
          "min" : 20725,
          "max" : 1359231,
          "mean" : 107354.896766,
          "stddev" : 75610.851787,
          "percentile" : {
            "1.000000" : 26496,
            "5.000000" : 30592,
            "10.000000" : 35072,
            "20.000000" : 44800,
            "30.000000" : 54528,
            "40.000000" : 66048,
            "50.000000" : 82432,
            "60.000000" : 104960,
            "70.000000" : 134144,
            "80.000000" : 168960,
            "90.000000" : 214016,
            "95.000000" : 252928,
            "99.000000" : 325632,
            "99.500000" : 362496,
            "99.900000" : 497664,
            "99.950000" : 509952,
            "99.990000" : 1351680
          }
        },
        "lat_ns" : {
          "min" : 28071,
          "max" : 1366800,
          "mean" : 118152.462670,
          "stddev" : 76801.528534
        },
        "bw_min" : 0,
        "bw_max" : 0,
        "bw_agg" : 0.000000,
        "bw_mean" : 0.000000,
        "bw_dev" : 0.000000,
        "bw_samples" : 0,
        "iops_min" : 0,
        "iops_max" : 0,
        "iops_mean" : 0.000000,
        "iops_stddev" : 0.000000,
        "iops_samples" : 0
      },
      "trim" : {
        "io_bytes" : 0,
        "io_kbytes" : 0,
        "bw_bytes" : 0,
        "bw" : 0,
        "iops" : 0.000000,
        "runtime" : 0,
        "total_ios" : 0,
        "short_ios" : 0,
        "drop_ios" : 0,
        "slat_ns" : {
          "min" : 0,
          "max" : 0,
          "mean" : 0.000000,
          "stddev" : 0.000000
        },
        "clat_ns" : {
          "min" : 0,
          "max" : 0,
          "mean" : 0.000000,
          "stddev" : 0.000000,
          "percentile" : {
            "1.000000" : 0,
            "5.000000" : 0,
            "10.000000" : 0,
            "20.000000" : 0,
            "30.000000" : 0,
            "40.000000" : 0,
            "50.000000" : 0,
            "60.000000" : 0,
            "70.000000" : 0,
            "80.000000" : 0,
            "90.000000" : 0,
            "95.000000" : 0,
            "99.000000" : 0,
            "99.500000" : 0,
            "99.900000" : 0,
            "99.950000" : 0,
            "99.990000" : 0
          }
        },
        "lat_ns" : {
          "min" : 0,
          "max" : 0,
          "mean" : 0.000000,
          "stddev" : 0.000000
        },
        "bw_min" : 0,
        "bw_max" : 0,
        "bw_agg" : 0.000000,
        "bw_mean" : 0.000000,
        "bw_dev" : 0.000000,
        "bw_samples" : 0,
        "iops_min" : 0,
        "iops_max" : 0,
        "iops_mean" : 0.000000,
        "iops_stddev" : 0.000000,
        "iops_samples" : 0
      },
      "sync" : {
        "lat_ns" : {
          "min" : 0,
          "max" : 0,
          "mean" : 0.000000,
          "stddev" : 0.000000,
          "percentile" : {
            "1.000000" : 0,
            "5.000000" : 0,
            "10.000000" : 0,
            "20.000000" : 0,
            "30.000000" : 0,
            "40.000000" : 0,
            "50.000000" : 0,
            "60.000000" : 0,
            "70.000000" : 0,
            "80.000000" : 0,
            "90.000000" : 0,
            "95.000000" : 0,
            "99.000000" : 0,
            "99.500000" : 0,
            "99.900000" : 0,
            "99.950000" : 0,
            "99.990000" : 0
          }
        },
        "total_ios" : 0
      },
      "job_runtime" : 409,
      "usr_cpu" : 19.804401,
      "sys_cpu" : 37.652812,
      "ctx" : 2646,
      "majf" : 0,
      "minf" : 12,
      "iodepth_level" : {
        "1" : 0.100000,
        "2" : 0.100000,
        "4" : 0.100000,
        "8" : 0.100000,
        "16" : 0.100000,
        "32" : 99.810791,
        ">=64" : 0.000000
      },
      "iodepth_submit" : {
        "0" : 0.000000,
        "4" : 100.000000,
        "8" : 0.000000,
        "16" : 0.000000,
        "32" : 0.000000,
        "64" : 0.000000,
        ">=64" : 0.000000
      },
      "iodepth_complete" : {
        "0" : 0.000000,
        "4" : 99.993885,
        "8" : 0.000000,
        "16" : 0.000000,
        "32" : 0.100000,
        "64" : 0.000000,
        ">=64" : 0.000000
      },
      "latency_ns" : {
        "2" : 0.000000,
        "4" : 0.000000,
        "10" : 0.000000,
        "20" : 0.000000,
        "50" : 0.000000,
        "100" : 0.000000,
        "250" : 0.000000,
        "500" : 0.000000,
        "750" : 0.000000,
        "1000" : 0.000000
      },
      "latency_us" : {
        "2" : 0.000000,
        "4" : 0.000000,
        "10" : 0.000000,
        "20" : 0.000000,
        "50" : 13.024902,
        "100" : 16.113281,
        "250" : 18.591309,
        "500" : 6.738281,
        "750" : 6.866455,
        "1000" : 4.870605
      },
      "latency_ms" : {
        "2" : 25.451660,
        "4" : 7.763672,
        "10" : 0.433350,
        "20" : 0.134277,
        "50" : 0.012207,
        "100" : 0.000000,
        "250" : 0.000000,
        "500" : 0.000000,
        "750" : 0.000000,
        "1000" : 0.000000,
        "2000" : 0.000000,
        ">=2000" : 0.000000
      },
      "latency_depth" : 32,
      "latency_target" : 0,
      "latency_percentile" : 100.000000,
      "latency_window" : 0
    }
  ],
  "disk_util" : [
    {
      "name" : "nvme0n1",
      "read_ios" : 7930,
      "write_ios" : 7957,