{
  "fio version" : "fio-3.16",
  "timestamp" : 1698259009,
  "timestamp_ms" : 1698259009227,
  "time" : "Wed Oct 25 14:36:49 2023",
  "global options" : {
    "bs" : "32k",
    "iodepth" : "8",
    "rwmixread" : "50"
  },
  "jobs" : [
    {
      "jobname" : "Job1",
      "groupid" : 0,
      "error" : 0,
      "eta" : 2147483647,
      "elapsed" : 1,
      "job options" : {
        "ioengine" : "libaio",
        "numjobs" : "1",
        "direct" : "1",
        "fsync" : "0",
        "rw" : "randrw",
        "size" : "512m",
        "filename" : "/dev/nvme0n1p5"
      },
      "read" : {
        "io_bytes" : 267386880,
        "io_kbytes" : 261120,
        "bw_bytes" : 583814148,
        "bw" : 570131,
        "iops" : 17816.593886,
        "runtime" : 458,
        "total_ios" : 8160,
        "short_ios" : 0,
        "drop_ios" : 0,
        "slat_ns" : {
          "min" : 1692,
          "max" : 73650,
          "mean" : 6302.046814,
          "stddev" : 4569.241463
        },
        "clat_ns" : {
          "min" : 60099,
          "max" : 8740005,
          "mean" : 379336.023284,
          "stddev" : 326059.654156,
          "percentile" : {
            "1.000000" : 83456,
            "5.000000" : 109056,
            "10.000000" : 134144,
            "20.000000" : 193536,
            "30.000000" : 280576,
            "40.000000" : 329728,
            "50.000000" : 358400,
            "60.000000" : 387072,
            "70.000000" : 419840,
            "80.000000" : 473088,
            "90.000000" : 585728,
            "95.000000" : 692224,
            "99.000000" : 1028096,
            "99.500000" : 1286144,
            "99.900000" : 4620288,
            "99.950000" : 4751360,
            "99.990000" : 8716288
          }
        },
        "lat_ns" : {
          "min" : 62211,
          "max" : 8756098,
          "mean" : 385873.097059,
          "stddev" : 326317.178050
        },
        "bw_min" : 0,
        "bw_max" : 0,
        "bw_agg" : 0.000000,
        "bw_mean" : 0.000000,
        "bw_dev" : 0.000000,
        "bw_samples" : 0,
        "iops_min" : 0,
        "iops_max" : 0,
        "iops_mean" : 0.000000,
        "iops_stddev" : 0.000000,
        "iops_samples" : 0
      },
      "write" : {
        "io_bytes" : 269484032,
        "io_kbytes" : 263168,
        "bw_bytes" : 588393082,
        "bw" : 574602,
        "iops" : 17956.331878,
        "runtime" : 458,
        "total_ios" : 8224,
        "short_ios" : 0,
        "drop_ios" : 0,
        "slat_ns" : {
          "min" : 2069,
          "max" : 59598,
          "mean" : 7986.149197,
          "stddev" : 5217.286685
        },
        "clat_ns" : {
          "min" : 15537,
          "max" : 1598685,
          "mean" : 50926.790005,
          "stddev" : 56827.611072,
          "percentile" : {
            "1.000000" : 21632,
            "5.000000" : 23680,
            "10.000000" : 26240,
            "20.000000" : 29824,
            "30.000000" : 34048,
            "40.000000" : 38144,
            "50.000000" : 42752,
            "60.000000" : 48384,
            "70.000000" : 54528,
            "80.000000" : 64256,
            "90.000000" : 80384,
            "95.000000" : 94720,
            "99.000000" : 132096,
            "99.500000" : 150528,
            "99.900000" : 1122304,
            "99.950000" : 1581056,
            "99.990000" : 1597440
          }
        },
        "lat_ns" : {
          "min" : 23081,
          "max" : 1603145,
          "mean" : 59162.876459,
          "stddev" : 57898.358593
        },
        "bw_min" : 0,
        "bw_max" : 0,
        "bw_agg" : 0.000000,
        "bw_mean" : 0.000000,
        "bw_dev" : 0.000000,
        "bw_samples" : 0,
        "iops_min" : 0,
        "iops_max" : 0,
        "iops_mean" : 0.000000,
        "iops_stddev" : 0.000000,
        "iops_samples" : 0
      },
      "trim" : {
        "io_bytes" : 0,
        "io_kbytes" : 0,
        "bw_bytes" : 0,
        "bw" : 0,
        "iops" : 0.000000,
        "runtime" : 0,
        "total_ios" : 0,
        "short_ios" : 0,
        "drop_ios" : 0,
        "slat_ns" : {
          "min" : 0,
          "max" : 0,
          "mean" : 0.000000,
          "stddev" : 0.000000
        },
        "clat_ns" : {
          "min" : 0,
          "max" : 0,
          "mean" : 0.000000,
          "stddev" : 0.000000,
          "percentile" : {
            "1.000000" : 0,
            "5.000000" : 0,
            "10.000000" : 0,
            "20.000000" : 0,
            "30.000000" : 0,
            "40.000000" : 0,
            "50.000000" : 0,
            "60.000000" : 0,
            "70.000000" : 0,
            "80.000000" : 0,
            "90.000000" : 0,
            "95.000000" : 0,
            "99.000000" : 0,
            "99.500000" : 0,
            "99.900000" : 0,
            "99.950000" : 0,
            "99.990000" : 0
          }
        },
        "lat_ns" : {
          "min" : 0,
          "max" : 0,
          "mean" : 0.000000,
          "stddev" : 0.000000
        },
        "bw_min" : 0,
        "bw_max" : 0,
        "bw_agg" : 0.000000,
        "bw_mean" : 0.000000,
        "bw_dev" : 0.000000,
        "bw_samples" : 0,
        "iops_min" : 0,
        "iops_max" : 0,
        "iops_mean" : 0.000000,
        "iops_stddev" : 0.000000,
        "iops_samples" : 0
      },
      "sync" : {
        "lat_ns" : {
          "min" : 0,
          "max" : 0,
          "mean" : 0.000000,
          "stddev" : 0.000000,
          "percentile" : {
            "1.000000" : 0,
            "5.000000" : 0,
            "10.000000" : 0,
            "20.000000" : 0,
            "30.000000" : 0,
            "40.000000" : 0,
            "50.000000" : 0,
            "60.000000" : 0,
            "70.000000" : 0,
            "80.000000" : 0,
            "90.000000" : 0,
            "95.000000" : 0,
            "99.000000" : 0,
            "99.500000" : 0,
            "99.900000" : 0,
            "99.950000" : 0,
            "99.990000" : 0
          }
        },
        "total_ios" : 0
      },
      "job_runtime" : 457,
      "usr_cpu" : 11.159737,
      "sys_cpu" : 32.822757,
      "ctx" : 6897,
      "majf" : 0,
      "minf" : 13,
      "iodepth_level" : {
        "1" : 0.100000,
        "2" : 0.100000,
        "4" : 0.100000,
        "8" : 99.957275,
        "16" : 0.000000,
        "32" : 0.000000,
        ">=64" : 0.000000
      },
      "iodepth_submit" : {
        "0" : 0.000000,
        "4" : 100.000000,
        "8" : 0.000000,
        "16" : 0.000000,
        "32" : 0.000000,
        "64" : 0.000000,
        ">=64" : 0.000000
      },
      "iodepth_complete" : {
        "0" : 0.000000,
        "4" : 99.993894,
        "8" : 0.100000,
        "16" : 0.000000,
        "32" : 0.000000,
        "64" : 0.000000,
        ">=64" : 0.000000
      },
      "latency_ns" : {
        "2" : 0.000000,
        "4" : 0.000000,
        "10" : 0.000000,
        "20" : 0.000000,
        "50" : 0.000000,
        "100" : 0.000000,
        "250" : 0.000000,
        "500" : 0.000000,
        "750" : 0.000000,
        "1000" : 0.000000
      },
      "latency_us" : {
        "2" : 0.000000,
        "4" : 0.000000,
        "10" : 0.000000,
        "20" : 0.030518,
        "50" : 31.500244,
        "100" : 18.127441,
        "250" : 13.476562,
        "500" : 28.417969,
        "750" : 6.445312,
        "1000" : 1.367188
      },
      "latency_ms" : {
        "2" : 0.445557,
        "4" : 0.000000,
        "10" : 0.189209,
        "20" : 0.000000,
        "50" : 0.000000,
        "100" : 0.000000,
        "250" : 0.000000,
        "500" : 0.000000,
        "750" : 0.000000,
        "1000" : 0.000000,
        "2000" : 0.000000,
        ">=2000" : 0.000000
      },
      "latency_depth" : 8,
      "latency_target" : 0,
      "latency_percentile" : 100.000000,
      "latency_window" : 0
    }
  ],
  "disk_util" : [
    {
      "name" : "nvme0n1",
      "read_ios" : 7058,
      "write_ios" : 7075,
      "read_merges" : 0,