{
  "fio version" : "fio-3.16",
  "timestamp" : 1698259036,
  "timestamp_ms" : 1698259036796,
  "time" : "Wed Oct 25 14:37:16 2023",
  "global options" : {
    "bs" : "128k",
    "iodepth" : "256",
    "rwmixread" : "70"
  },
  "jobs" : [
    {
      "jobname" : "Job1",
      "groupid" : 0,
      "error" : 0,
      "eta" : 2147483647,
      "elapsed" : 1,
      "job options" : {
        "ioengine" : "libaio",
        "numjobs" : "1",
        "direct" : "1",
        "fsync" : "0",
        "rw" : "randrw",
        "size" : "512m",
        "filename" : "/dev/nvme0n1p5"
      },
      "read" : {
        "io_bytes" : 370147328,
        "io_kbytes" : 361472,
        "bw_bytes" : 1118269873,
        "bw" : 1092060,
        "iops" : 8531.722054,
        "runtime" : 331,
        "total_ios" : 2824,
        "short_ios" : 0,
        "drop_ios" : 0,
        "slat_ns" : {
          "min" : 2804,
          "max" : 130513,
          "mean" : 16912.500708,
          "stddev" : 12652.181447
        },
        "clat_ns" : {
          "min" : 1619916,
          "max" : 45863839,
          "mean" : 22194268.627833,
          "stddev" : 5791049.142679,
          "percentile" : {
            "1.000000" : 5472256,
            "5.000000" : 12517376,
            "10.000000" : 14614528,
            "20.000000" : 19791872,
            "30.000000" : 21626880,
            "40.000000" : 21889024,
            "50.000000" : 22413312,
            "60.000000" : 22675456,
            "70.000000" : 23199744,
            "80.000000" : 24248320,
            "90.000000" : 28704768,
            "95.000000" : 31326208,
            "99.000000" : 42729472,
            "99.500000" : 44302336,
            "99.900000" : 45875200,
            "99.950000" : 45875200,
            "99.990000" : 45875200
          }
        },
        "lat_ns" : {
          "min" : 1624491,
          "max" : 45868005,
          "mean" : 22211536.392705,
          "stddev" : 5791364.664858
        },
        "bw_min" : 0,
        "bw_max" : 0,
        "bw_agg" : 0.000000,
        "bw_mean" : 0.000000,
        "bw_dev" : 0.000000,
        "bw_samples" : 0,
        "iops_min" : 0,
        "iops_max" : 0,
        "iops_mean" : 0.000000,
        "iops_stddev" : 0.000000,
        "iops_samples" : 0
      },
      "write" : {
        "io_bytes" : 166723584,
        "io_kbytes" : 162816,
        "bw_bytes" : 503696628,
        "bw" : 491891,
        "iops" : 3842.900302,
        "runtime" : 331,
        "total_ios" : 1272,
        "short_ios" : 0,
        "drop_ios" : 0,
        "slat_ns" : {
          "min" : 3662,
          "max" : 131113,
          "mean" : 26496.499214,
          "stddev" : 15209.948592
        },
        "clat_ns" : {
          "min" : 1457366,
          "max" : 43993671,
          "mean" : 16952389.441824,
          "stddev" : 5602878.604748,
          "percentile" : {
            "1.000000" : 1548288,
            "5.000000" : 7438336,
            "10.000000" : 9502720,
            "20.000000" : 14221312,
            "30.000000" : 16449536,
            "40.000000" : 16908288,
            "50.000000" : 17170432,
            "60.000000" : 17432576,
            "70.000000" : 17956864,
            "80.000000" : 19005440,
            "90.000000" : 22937600,
            "95.000000" : 25821184,
            "99.000000" : 32899072,
            "99.500000" : 42205184,
            "99.900000" : 43778048,
            "99.950000" : 43778048,
            "99.990000" : 43778048
          }
        },
        "lat_ns" : {
          "min" : 1465188,
          "max" : 44002335,
          "mean" : 16979354.007862,
          "stddev" : 5603240.201539
        },
        "bw_min" : 0,
        "bw_max" : 0,
        "bw_agg" : 0.000000,
        "bw_mean" : 0.000000,
        "bw_dev" : 0.000000,
        "bw_samples" : 0,
        "iops_min" : 0,
        "iops_max" : 0,
        "iops_mean" : 0.000000,
        "iops_stddev" : 0.000000,
        "iops_samples" : 0
      },
      "trim" : {
        "io_bytes" : 0,
        "io_kbytes" : 0,
        "bw_bytes" : 0,
        "bw" : 0,
        "iops" : 0.000000,
        "runtime" : 0,
        "total_ios" : 0,
        "short_ios" : 0,
        "drop_ios" : 0,
        "slat_ns" : {
          "min" : 0,
          "max" : 0,
          "mean" : 0.000000,
          "stddev" : 0.000000
        },
        "clat_ns" : {
          "min" : 0,
          "max" : 0,
          "mean" : 0.000000,
          "stddev" : 0.000000,
          "percentile" : {
            "1.000000" : 0,
            "5.000000" : 0,
            "10.000000" : 0,
            "20.000000" : 0,
            "30.000000" : 0,
            "40.000000" : 0,
            "50.000000" : 0,
            "60.000000" : 0,
            "70.000000" : 0,
            "80.000000" : 0,
            "90.000000" : 0,
            "95.000000" : 0,
            "99.000000" : 0,
            "99.500000" : 0,
            "99.900000" : 0,
            "99.950000" : 0,
            "99.990000" : 0
          }
        },
        "lat_ns" : {
          "min" : 0,
          "max" : 0,
          "mean" : 0.000000,
          "stddev" : 0.000000
        },
        "bw_min" : 0,
        "bw_max" : 0,
        "bw_agg" : 0.000000,
        "bw_mean" : 0.000000,
        "bw_dev" : 0.000000,
        "bw_samples" : 0,
        "iops_min" : 0,
        "iops_max" : 0,
        "iops_mean" : 0.000000,
        "iops_stddev" : 0.000000,
        "iops_samples" : 0
      },
      "sync" : {
        "lat_ns" : {
          "min" : 0,
          "max" : 0,
          "mean" : 0.000000,
          "stddev" : 0.000000,
          "percentile" : {
            "1.000000" : 0,
            "5.000000" : 0,
            "10.000000" : 0,
            "20.000000" : 0,
            "30.000000" : 0,
            "40.000000" : 0,
            "50.000000" : 0,
            "60.000000" : 0,
            "70.000000" : 0,
            "80.000000" : 0,
            "90.000000" : 0,
            "95.000000" : 0,
            "99.000000" : 0,
            "99.500000" : 0,
            "99.900000" : 0,
            "99.950000" : 0,
            "99.990000" : 0
          }
        },
        "total_ios" : 0
      },
      "job_runtime" : 330,
      "usr_cpu" : 11.818182,
      "sys_cpu" : 24.242424,
      "ctx" : 1448,
      "majf" : 0,
      "minf" : 12,
      "iodepth_level" : {
        "1" : 0.100000,
        "2" : 0.100000,
        "4" : 0.100000,
        "8" : 0.195312,
        "16" : 0.390625,
        "32" : 0.781250,
        ">=64" : 98.461914
      },
      "iodepth_submit" : {
        "0" : 0.000000,
        "4" : 100.000000,
        "8" : 0.000000,
        "16" : 0.000000,
        "32" : 0.000000,
        "64" : 0.000000,
        ">=64" : 0.000000
      },
      "iodepth_complete" : {
        "0" : 0.000000,
        "4" : 99.973972,
        "8" : 0.000000,
        "16" : 0.000000,
        "32" : 0.000000,
        "64" : 0.000000,
        ">=64" : 0.100000
      },
      "latency_ns" : {
        "2" : 0.000000,
        "4" : 0.000000,
        "10" : 0.000000,
        "20" : 0.000000,
        "50" : 0.000000,
        "100" : 0.000000,
        "250" : 0.000000,
        "500" : 0.000000,
        "750" : 0.000000,
        "1000" : 0.000000
      },
      "latency_us" : {
        "2" : 0.000000,
        "4" : 0.000000,
        "10" : 0.000000,
        "20" : 0.000000,
        "50" : 0.000000,
        "100" : 0.000000,
        "250" : 0.000000,
        "500" : 0.000000,
        "750" : 0.000000,
        "1000" : 0.000000
      },
      "latency_ms" : {
        "2" : 0.683594,
        "4" : 0.512695,
        "10" : 4.370117,
        "20" : 34.033203,
        "50" : 60.400391,
        "100" : 0.000000,
        "250" : 0.000000,
        "500" : 0.000000,
        "750" : 0.000000,
        "1000" : 0.000000,
        "2000" : 0.000000,
        ">=2000" : 0.000000
      },
      "latency_depth" : 256,
      "latency_target" : 0,
      "latency_percentile" : 100.000000,
      "latency_window" : 0
    }
  ],