{
  "fio version" : "fio-3.16",
  "timestamp" : 1698258968,
  "timestamp_ms" : 1698258968040,
  "time" : "Wed Oct 25 14:36:08 2023",
  "global options" : {
    "bs" : "4k",
    "iodepth" : "1024",
    "rwmixread" : "50"
  },
  "jobs" : [
    {
      "jobname" : "Job1",
      "groupid" : 0,
      "error" : 0,
      "eta" : 2147483647,
      "elapsed" : 1,
      "job options" : {
        "ioengine" : "libaio",
        "numjobs" : "1",
        "direct" : "1",
        "fsync" : "0",
        "rw" : "randrw",
        "size" : "512m",
        "filename" : "/dev/nvme0n1p5"
      },
      "read" : {
        "io_bytes" : 269160448,
        "io_kbytes" : 262852,
        "bw_bytes" : 512686567,
        "bw" : 500670,
        "iops" : 125167.619048,
        "runtime" : 525,
        "total_ios" : 65713,
        "short_ios" : 0,
        "drop_ios" : 0,
        "slat_ns" : {
          "min" : 800,
          "max" : 976469,
          "mean" : 2766.192352,
          "stddev" : 20803.137211
        },
        "clat_ns" : {
          "min" : 231768,
          "max" : 27536528,
          "mean" : 4414545.377597,
          "stddev" : 1949746.349627,
          "percentile" : {
            "1.000000" : 2441216,
            "5.000000" : 3227648,
            "10.000000" : 3457024,
            "20.000000" : 3719168,
            "30.000000" : 3850240,
            "40.000000" : 3948544,
            "50.000000" : 4079616,
            "60.000000" : 4227072,
            "70.000000" : 4358144,
            "80.000000" : 4620288,
            "90.000000" : 5275648,
            "95.000000" : 6062080,
            "99.000000" : 11337728,
            "99.500000" : 22413312,
            "99.900000" : 25034752,
            "99.950000" : 25296896,
            "99.990000" : 26607616
          }
        },
        "lat_ns" : {
          "min" : 232905,
          "max" : 27537588,
          "mean" : 4417394.724955,
          "stddev" : 1949970.496947
        },
        "bw_min" : 499888,
        "bw_max" : 499888,
        "bw_agg" : 99.843809,
        "bw_mean" : 499888.000000,
        "bw_dev" : 0.000000,
        "bw_samples" : 1,
        "iops_min" : 124972,
        "iops_max" : 124972,
        "iops_mean" : 124972.000000,
        "iops_stddev" : 0.000000,
        "iops_samples" : 1
      },
      "write" : {
        "io_bytes" : 267710464,
        "io_kbytes" : 261436,
        "bw_bytes" : 509924693,
        "bw" : 497973,
        "iops" : 124493.333333,
        "runtime" : 525,
        "total_ios" : 65359,
        "short_ios" : 0,
        "drop_ios" : 0,
        "slat_ns" : {
          "min" : 847,
          "max" : 1495227,
          "mean" : 2967.178782,
          "stddev" : 21304.884191
        },
        "clat_ns" : {
          "min" : 78378,
          "max" : 24765788,
          "mean" : 3691103.999220,
          "stddev" : 1737794.143683,
          "percentile" : {
            "1.000000" : 1679360,
            "5.000000" : 2670592,
            "10.000000" : 2867200,
            "20.000000" : 3096576,
            "30.000000" : 3260416,
            "40.000000" : 3358720,
            "50.000000" : 3457024,
            "60.000000" : 3555328,
            "70.000000" : 3686400,
            "80.000000" : 3850240,
            "90.000000" : 4112384,
            "95.000000" : 4882432,
            "99.000000" : 10944512,
            "99.500000" : 14614528,
            "99.900000" : 23986176,
            "99.950000" : 24510464,
            "99.990000" : 24772608
          }
        },
        "lat_ns" : {
          "min" : 79680,
          "max" : 24767486,
          "mean" : 3694154.692039,
          "stddev" : 1738069.192542
        },
        "bw_min" : 498760,
        "bw_max" : 498760,
        "bw_agg" : 100.000000,
        "bw_mean" : 498760.000000,
        "bw_dev" : 0.000000,
        "bw_samples" : 1,
        "iops_min" : 124690,
        "iops_max" : 124690,
        "iops_mean" : 124690.000000,
        "iops_stddev" : 0.000000,
        "iops_samples" : 1
      },
      "trim" : {
        "io_bytes" : 0,
        "io_kbytes" : 0,
        "bw_bytes" : 0,
        "bw" : 0,
        "iops" : 0.000000,
        "runtime" : 0,
        "total_ios" : 0,
        "short_ios" : 0,
        "drop_ios" : 0,
        "slat_ns" : {
          "min" : 0,
          "max" : 0,
          "mean" : 0.000000,
          "stddev" : 0.000000
        },
        "clat_ns" : {
          "min" : 0,
          "max" : 0,
          "mean" : 0.000000,
          "stddev" : 0.000000,
          "percentile" : {
            "1.000000" : 0,
            "5.000000" : 0,
            "10.000000" : 0,
            "20.000000" : 0,
            "30.000000" : 0,
            "40.000000" : 0,
            "50.000000" : 0,
            "60.000000" : 0,
            "70.000000" : 0,
            "80.000000" : 0,
            "90.000000" : 0,
            "95.000000" : 0,
            "99.000000" : 0,
            "99.500000" : 0,
            "99.900000" : 0,
            "99.950000" : 0,
            "99.990000" : 0
          }
        },
        "lat_ns" : {
          "min" : 0,
          "max" : 0,
          "mean" : 0.000000,
          "stddev" : 0.000000
        },
        "bw_min" : 0,
        "bw_max" : 0,
        "bw_agg" : 0.000000,
        "bw_mean" : 0.000000,
        "bw_dev" : 0.000000,
        "bw_samples" : 0,
        "iops_min" : 0,
        "iops_max" : 0,
        "iops_mean" : 0.000000,
        "iops_stddev" : 0.000000,
        "iops_samples" : 0
      },
      "sync" : {
        "lat_ns" : {
          "min" : 0,
          "max" : 0,
          "mean" : 0.000000,
          "stddev" : 0.000000,
          "percentile" : {
            "1.000000" : 0,
            "5.000000" : 0,
            "10.000000" : 0,
            "20.000000" : 0,
            "30.000000" : 0,
            "40.000000" : 0,
            "50.000000" : 0,
            "60.000000" : 0,
            "70.000000" : 0,
            "80.000000" : 0,
            "90.000000" : 0,
            "95.000000" : 0,
            "99.000000" : 0,
            "99.500000" : 0,
            "99.900000" : 0,
            "99.950000" : 0,
            "99.990000" : 0
          }
        },
        "total_ios" : 0
      },
      "job_runtime" : 524,
      "usr_cpu" : 23.664122,
      "sys_cpu" : 42.557252,
      "ctx" : 2378,
      "majf" : 0,
      "minf" : 12,
      "iodepth_level" : {
        "1" : 0.100000,
        "2" : 0.100000,
        "4" : 0.100000,
        "8" : 0.100000,
        "16" : 0.100000,
        "32" : 0.100000,
        ">=64" : 99.951935
      },
      "iodepth_submit" : {
        "0" : 0.000000,
        "4" : 100.000000,
        "8" : 0.000000,
        "16" : 0.000000,
        "32" : 0.000000,
        "64" : 0.000000,
        ">=64" : 0.000000
      },
      "iodepth_complete" : {
        "0" : 0.000000,
        "4" : 99.999231,
        "8" : 0.000000,
        "16" : 0.000000,
        "32" : 0.000000,
        "64" : 0.000000,
        ">=64" : 0.100000
      },
      "latency_ns" : {
        "2" : 0.000000,
        "4" : 0.000000,
        "10" : 0.000000,
        "20" : 0.000000,
        "50" : 0.000000,
        "100" : 0.000000,
        "250" : 0.000000,
        "500" : 0.000000,
        "750" : 0.000000,
        "1000" : 0.000000
      },
      "latency_us" : {
        "2" : 0.000000,
        "4" : 0.000000,
        "10" : 0.000000,
        "20" : 0.000000,
        "50" : 0.000000,
        "100" : 0.010000,
        "250" : 0.036621,
        "500" : 0.123596,
        "750" : 0.057220,
        "1000" : 0.076294
      },
      "latency_ms" : {
        "2" : 0.537109,
        "4" : 64.021301,
        "10" : 33.367920,
        "20" : 1.280212,
        "50" : 0.495911,
        "100" : 0.000000,
        "250" : 0.000000,
        "500" : 0.000000,
        "750" : 0.000000,
        "1000" : 0.000000,
        "2000" : 0.000000,
        ">=2000" : 0.000000
      },
      "latency_depth" : 1024,
      "latency_target" : 0,
      "latency_percentile" : 100.000000,