{
  "fio version" : "fio-3.16",
  "timestamp" : 1698258992,
  "timestamp_ms" : 1698258992894,
  "time" : "Wed Oct 25 14:36:32 2023",
  "global options" : {
    "bs" : "16k",
    "iodepth" : "256",
    "rwmixread" : "50"
  },
  "jobs" : [
    {
      "jobname" : "Job1",
      "groupid" : 0,
      "error" : 0,
      "eta" : 2147483647,
      "elapsed" : 1,
      "job options" : {
        "ioengine" : "libaio",
        "numjobs" : "1",
        "direct" : "1",
        "fsync" : "0",
        "rw" : "randrw",
        "size" : "512m",
        "filename" : "/dev/nvme0n1p5"
      },
      "read" : {
        "io_bytes" : 268533760,
        "io_kbytes" : 262240,
        "bw_bytes" : 617318988,
        "bw" : 602850,
        "iops" : 37678.160920,
        "runtime" : 435,
        "total_ios" : 16390,
        "short_ios" : 0,
        "drop_ios" : 0,
        "slat_ns" : {
          "min" : 1523,
          "max" : 71472,
          "mean" : 3472.842404,
          "stddev" : 2964.363451
        },
        "clat_ns" : {
          "min" : 2331477,
          "max" : 25106783,
          "mean" : 4773205.203722,
          "stddev" : 2030482.842475,
          "percentile" : {
            "1.000000" : 2801664,
            "5.000000" : 3489792,
            "10.000000" : 3686400,
            "20.000000" : 3915776,
            "30.000000" : 4079616,
            "40.000000" : 4227072,
            "50.000000" : 4358144,
            "60.000000" : 4489216,
            "70.000000" : 4685824,
            "80.000000" : 5013504,
            "90.000000" : 6127616,
            "95.000000" : 7176192,
            "99.000000" : 16908288,
            "99.500000" : 21626880,
            "99.900000" : 24248320,
            "99.950000" : 24772608,
            "99.990000" : 25034752
          }
        },
        "lat_ns" : {
          "min" : 2336321,
          "max" : 25111172,
          "mean" : 4776801.242953,
          "stddev" : 2030425.383136
        },
        "bw_min" : 0,
        "bw_max" : 0,
        "bw_agg" : 0.000000,
        "bw_mean" : 0.000000,
        "bw_dev" : 0.000000,
        "bw_samples" : 0,
        "iops_min" : 0,
        "iops_max" : 0,
        "iops_mean" : 0.000000,
        "iops_stddev" : 0.000000,
        "iops_samples" : 0
      },
      "write" : {
        "io_bytes" : 268337152,
        "io_kbytes" : 262048,
        "bw_bytes" : 616867016,
        "bw" : 602409,
        "iops" : 37650.574713,
        "runtime" : 435,
        "total_ios" : 16378,
        "short_ios" : 0,
        "drop_ios" : 0,
        "slat_ns" : {
          "min" : 1745,
          "max" : 49675,
          "mean" : 4132.598119,
          "stddev" : 3192.283439
        },
        "clat_ns" : {
          "min" : 129582,
          "max" : 19517079,
          "mean" : 1969248.833924,
          "stddev" : 1071392.272166,
          "percentile" : {
            "1.000000" : 798720,
            "5.000000" : 1302528,
            "10.000000" : 1466368,
            "20.000000" : 1613824,
            "30.000000" : 1695744,
            "40.000000" : 1761280,
            "50.000000" : 1843200,
            "60.000000" : 1908736,
            "70.000000" : 1990656,
            "80.000000" : 2113536,
            "90.000000" : 2310144,
            "95.000000" : 3063808,
            "99.000000" : 4145152,
            "99.500000" : 10158080,
            "99.900000" : 18743296,
            "99.950000" : 19005440,
            "99.990000" : 19529728
          }
        },
        "lat_ns" : {
          "min" : 133509,
          "max" : 19521140,
          "mean" : 1973499.753083,
          "stddev" : 1072022.627095
        },
        "bw_min" : 0,
        "bw_max" : 0,
        "bw_agg" : 0.000000,
        "bw_mean" : 0.000000,
        "bw_dev" : 0.000000,
        "bw_samples" : 0,
        "iops_min" : 0,
        "iops_max" : 0,
        "iops_mean" : 0.000000,
        "iops_stddev" : 0.000000,
        "iops_samples" : 0
      },
      "trim" : {
        "io_bytes" : 0,
        "io_kbytes" : 0,
        "bw_bytes" : 0,
        "bw" : 0,
        "iops" : 0.000000,
        "runtime" : 0,
        "total_ios" : 0,
        "short_ios" : 0,
        "drop_ios" : 0,
        "slat_ns" : {
          "min" : 0,
          "max" : 0,
          "mean" : 0.000000,
          "stddev" : 0.000000
        },
        "clat_ns" : {
          "min" : 0,
          "max" : 0,
          "mean" : 0.000000,
          "stddev" : 0.000000,
          "percentile" : {
            "1.000000" : 0,
            "5.000000" : 0,
            "10.000000" : 0,
            "20.000000" : 0,
            "30.000000" : 0,
            "40.000000" : 0,
            "50.000000" : 0,
            "60.000000" : 0,
            "70.000000" : 0,
            "80.000000" : 0,
            "90.000000" : 0,
            "95.000000" : 0,
            "99.000000" : 0,
            "99.500000" : 0,
            "99.900000" : 0,
            "99.950000" : 0,
            "99.990000" : 0
          }
        },
        "lat_ns" : {
          "min" : 0,
          "max" : 0,
          "mean" : 0.000000,
          "stddev" : 0.000000
        },
        "bw_min" : 0,
        "bw_max" : 0,
        "bw_agg" : 0.000000,
        "bw_mean" : 0.000000,
        "bw_dev" : 0.000000,
        "bw_samples" : 0,
        "iops_min" : 0,
        "iops_max" : 0,
        "iops_mean" : 0.000000,
        "iops_stddev" : 0.000000,
        "iops_samples" : 0
      },
      "sync" : {
        "lat_ns" : {
          "min" : 0,
          "max" : 0,
          "mean" : 0.000000,
          "stddev" : 0.000000,
          "percentile" : {
            "1.000000" : 0,
            "5.000000" : 0,
            "10.000000" : 0,
            "20.000000" : 0,
            "30.000000" : 0,
            "40.000000" : 0,
            "50.000000" : 0,
            "60.000000" : 0,
            "70.000000" : 0,
            "80.000000" : 0,
            "90.000000" : 0,
            "95.000000" : 0,
            "99.000000" : 0,
            "99.500000" : 0,
            "99.900000" : 0,
            "99.950000" : 0,
            "99.990000" : 0
          }
        },
        "total_ios" : 0
      },
      "job_runtime" : 434,
      "usr_cpu" : 12.211982,
      "sys_cpu" : 32.949309,
      "ctx" : 6573,
      "majf" : 0,
      "minf" : 12,
      "iodepth_level" : {
        "1" : 0.100000,
        "2" : 0.100000,
        "4" : 0.100000,
        "8" : 0.100000,
        "16" : 0.100000,
        "32" : 0.100000,
        ">=64" : 99.807739
      },
      "iodepth_submit" : {
        "0" : 0.000000,
        "4" : 100.000000,
        "8" : 0.000000,
        "16" : 0.000000,
        "32" : 0.000000,
        "64" : 0.000000,
        ">=64" : 0.000000
      },
      "iodepth_complete" : {
        "0" : 0.000000,
        "4" : 99.996924,
        "8" : 0.000000,
        "16" : 0.000000,
        "32" : 0.000000,
        "64" : 0.000000,
        ">=64" : 0.100000
      },
      "latency_ns" : {
        "2" : 0.000000,
        "4" : 0.000000,
        "10" : 0.000000,
        "20" : 0.000000,
        "50" : 0.000000,
        "100" : 0.000000,
        "250" : 0.000000,
        "500" : 0.000000,
        "750" : 0.000000,
        "1000" : 0.000000
      },
      "latency_us" : {
        "2" : 0.000000,
        "4" : 0.000000,
        "10" : 0.000000,
        "20" : 0.000000,
        "50" : 0.000000,
        "100" : 0.000000,
        "250" : 0.042725,
        "500" : 0.210571,
        "750" : 0.170898,
        "1000" : 0.582886
      },
      "latency_ms" : {
        "2" : 34.405518,
        "4" : 26.635742,
        "10" : 37.057495,
        "20" : 0.460815,
        "50" : 0.433350,
        "100" : 0.000000,
        "250" : 0.000000,
        "500" : 0.000000,
        "750" : 0.000000,
        "1000" : 0.000000,
        "2000" : 0.000000,
        ">=2000" : 0.000000
      },
      "latency_depth" : 256,
      "latency_target" : 0,
      "latency_percentile" : 100.000000,
      "latency_window" : 0
    }
  ],
  "disk_util" : [
    {
      "name" : "nvme0n1",