{
  "fio version" : "fio-3.16",
  "timestamp" : 1698259026,
  "timestamp_ms" : 1698259026441,
  "time" : "Wed Oct 25 14:37:06 2023",
  "global options" : {
    "bs" : "128k",
    "iodepth" : "1",
    "rwmixread" : "70"
  },
  "jobs" : [
    {
      "jobname" : "Job1",
      "groupid" : 0,
      "error" : 0,
      "eta" : 2147483647,
      "elapsed" : 2,
      "job options" : {
        "ioengine" : "libaio",
        "numjobs" : "1",
        "direct" : "1",
        "fsync" : "0",
        "rw" : "randrw",
        "size" : "512m",
        "filename" : "/dev/nvme0n1p5"
      },
      "read" : {
        "io_bytes" : 370147328,
        "io_kbytes" : 361472,
        "bw_bytes" : 414498687,
        "bw" : 404783,
        "iops" : 3162.374020,
        "runtime" : 893,
        "total_ios" : 2824,
        "short_ios" : 0,
        "drop_ios" : 0,
        "slat_ns" : {
          "min" : 6505,
          "max" : 153825,
          "mean" : 27529.888456,
          "stddev" : 11774.110509
        },
        "clat_ns" : {
          "min" : 83277,
          "max" : 4553010,
          "mean" : 214025.379249,
          "stddev" : 170170.255764,
          "percentile" : {
            "1.000000" : 95744,
            "5.000000" : 121344,
            "10.000000" : 130560,
            "20.000000" : 142336,
            "30.000000" : 160768,
            "40.000000" : 177152,
            "50.000000" : 195584,
            "60.000000" : 205824,
            "70.000000" : 222208,
            "80.000000" : 264192,
            "90.000000" : 329728,
            "95.000000" : 358400,
            "99.000000" : 452608,
            "99.500000" : 497664,
            "99.900000" : 4079616,
            "99.950000" : 4292608,
            "99.990000" : 4554752
          }
        },
        "lat_ns" : {
          "min" : 91378,
          "max" : 4591772,
          "mean" : 242235.088173,
          "stddev" : 172129.119947
        },
        "bw_min" : 409344,
        "bw_max" : 409344,
        "bw_agg" : 100.000000,
        "bw_mean" : 409344.000000,
        "bw_dev" : 0.000000,
        "bw_samples" : 1,
        "iops_min" : 3198,
        "iops_max" : 3198,
        "iops_mean" : 3198.000000,
        "iops_stddev" : 0.000000,
        "iops_samples" : 1
      },
      "write" : {
        "io_bytes" : 166723584,
        "io_kbytes" : 162816,
        "bw_bytes" : 186700541,
        "bw" : 182324,
        "iops" : 1424.412094,
        "runtime" : 893,
        "total_ios" : 1272,
        "short_ios" : 0,
        "drop_ios" : 0,
        "slat_ns" : {
          "min" : 8246,
          "max" : 77834,
          "mean" : 35836.476415,
          "stddev" : 11936.914975
        },
        "clat_ns" : {
          "min" : 56494,
          "max" : 245360,
          "mean" : 109365.768082,
          "stddev" : 34203.806447,
          "percentile" : {
            "1.000000" : 64256,
            "5.000000" : 67072,
            "10.000000" : 67072,
            "20.000000" : 74240,
            "30.000000" : 82432,
            "40.000000" : 89600,
            "50.000000" : 105984,
            "60.000000" : 116224,
            "70.000000" : 136192,
            "80.000000" : 146432,
            "90.000000" : 156672,
            "95.000000" : 160768,
            "99.000000" : 173056,
            "99.500000" : 181248,
            "99.900000" : 242688,
            "99.950000" : 244736,
            "99.990000" : 244736
          }
        },
        "lat_ns" : {
          "min" : 68497,
          "max" : 300201,
          "mean" : 145909.408019,
          "stddev" : 40771.626788
        },
        "bw_min" : 180224,
        "bw_max" : 180224,
        "bw_agg" : 98.848204,
        "bw_mean" : 180224.000000,
        "bw_dev" : 0.000000,
        "bw_samples" : 1,
        "iops_min" : 1408,
        "iops_max" : 1408,
        "iops_mean" : 1408.000000,
        "iops_stddev" : 0.000000,
        "iops_samples" : 1
      },
      "trim" : {
        "io_bytes" : 0,
        "io_kbytes" : 0,
        "bw_bytes" : 0,
        "bw" : 0,
        "iops" : 0.000000,
        "runtime" : 0,
        "total_ios" : 0,
        "short_ios" : 0,
        "drop_ios" : 0,
        "slat_ns" : {
          "min" : 0,
          "max" : 0,
          "mean" : 0.000000,
          "stddev" : 0.000000
        },
        "clat_ns" : {
          "min" : 0,
          "max" : 0,
          "mean" : 0.000000,
          "stddev" : 0.000000,
          "percentile" : {
            "1.000000" : 0,
            "5.000000" : 0,
            "10.000000" : 0,
            "20.000000" : 0,
            "30.000000" : 0,
            "40.000000" : 0,
            "50.000000" : 0,
            "60.000000" : 0,
            "70.000000" : 0,
            "80.000000" : 0,
            "90.000000" : 0,
            "95.000000" : 0,
            "99.000000" : 0,
            "99.500000" : 0,
            "99.900000" : 0,
            "99.950000" : 0,
            "99.990000" : 0
          }
        },
        "lat_ns" : {
          "min" : 0,
          "max" : 0,
          "mean" : 0.000000,
          "stddev" : 0.000000
        },
        "bw_min" : 0,
        "bw_max" : 0,
        "bw_agg" : 0.000000,
        "bw_mean" : 0.000000,
        "bw_dev" : 0.000000,
        "bw_samples" : 0,
        "iops_min" : 0,
        "iops_max" : 0,
        "iops_mean" : 0.000000,
        "iops_stddev" : 0.000000,
        "iops_samples" : 0
      },
      "sync" : {
        "lat_ns" : {
          "min" : 0,
          "max" : 0,
          "mean" : 0.000000,
          "stddev" : 0.000000,
          "percentile" : {
            "1.000000" : 0,
            "5.000000" : 0,
            "10.000000" : 0,
            "20.000000" : 0,
            "30.000000" : 0,
            "40.000000" : 0,
            "50.000000" : 0,
            "60.000000" : 0,
            "70.000000" : 0,
            "80.000000" : 0,
            "90.000000" : 0,
            "95.000000" : 0,
            "99.000000" : 0,
            "99.500000" : 0,
            "99.900000" : 0,
            "99.950000" : 0,
            "99.990000" : 0
          }
        },
        "total_ios" : 0
      },
      "job_runtime" : 892,
      "usr_cpu" : 9.641256,
      "sys_cpu" : 18.273543,
      "ctx" : 4098,
      "majf" : 0,
      "minf" : 14,
      "iodepth_level" : {
        "1" : 100.000000,
        "2" : 0.000000,
        "4" : 0.000000,
        "8" : 0.000000,
        "16" : 0.000000,
        "32" : 0.000000,
        ">=64" : 0.000000
      },
      "iodepth_submit" : {
        "0" : 0.000000,
        "4" : 100.000000,
        "8" : 0.000000,
        "16" : 0.000000,
        "32" : 0.000000,
        "64" : 0.000000,
        ">=64" : 0.000000
      },
      "iodepth_complete" : {
        "0" : 0.000000,
        "4" : 100.000000,
        "8" : 0.000000,
        "16" : 0.000000,
        "32" : 0.000000,
        "64" : 0.000000,
        ">=64" : 0.000000
      },
      "latency_ns" : {
        "2" : 0.000000,
        "4" : 0.000000,
        "10" : 0.000000,
        "20" : 0.000000,
        "50" : 0.000000,
        "100" : 0.000000,
        "250" : 0.000000,
        "500" : 0.000000,
        "750" : 0.000000,
        "1000" : 0.000000
      },
      "latency_us" : {
        "2" : 0.000000,
        "4" : 0.000000,
        "10" : 0.000000,
        "20" : 0.000000,
        "50" : 0.000000,
        "100" : 15.527344,
        "250" : 68.432617,
        "500" : 15.698242,
        "750" : 0.219727,
        "1000" : 0.024414
      },
      "latency_ms" : {
        "2" : 0.000000,
        "4" : 0.024414,
        "10" : 0.073242,
        "20" : 0.000000,
        "50" : 0.000000,
        "100" : 0.000000,
        "250" : 0.000000,
        "500" : 0.000000,
        "750" : 0.000000,
        "1000" : 0.000000,
        "2000" : 0.000000,
        ">=2000" : 0.000000
      },
      "latency_depth" : 1,
      "latency_target" : 0,
      "latency_percentile" : 100.000000,
      "latency_window" : 0
    }
  ],
  "disk_util" : [
    {
      "name" : "nvme0n1",
      "read_ios" : 2094,