{
  "fio version" : "fio-3.16",
  "timestamp" : 1698258957,
  "timestamp_ms" : 1698258957027,
  "time" : "Wed Oct 25 14:35:57 2023",
  "global options" : {
    "bs" : "4k",
    "iodepth" : "8",
    "rwmixread" : "70"
  },
  "jobs" : [
    {
      "jobname" : "Job1",
      "groupid" : 0,
      "error" : 0,
      "eta" : 2147483647,
      "elapsed" : 2,
      "job options" : {
        "ioengine" : "libaio",
        "numjobs" : "1",
        "direct" : "1",
        "fsync" : "0",
        "rw" : "randrw",
        "size" : "512m",
        "filename" : "/dev/nvme0n1p5"
      },
      "read" : {
        "io_bytes" : 376127488,
        "io_kbytes" : 367312,
        "bw_bytes" : 319836299,
        "bw" : 312340,
        "iops" : 78085.034014,
        "runtime" : 1176,
        "total_ios" : 91828,
        "short_ios" : 0,
        "drop_ios" : 0,
        "slat_ns" : {
          "min" : 813,
          "max" : 54041,
          "mean" : 1622.352256,
          "stddev" : 1122.631339
        },
        "clat_ns" : {
          "min" : 26145,
          "max" : 4585837,
          "mean" : 92297.926373,
          "stddev" : 98511.291079,
          "percentile" : {
            "1.000000" : 30848,
            "5.000000" : 38656,
            "10.000000" : 47872,
            "20.000000" : 61184,
            "30.000000" : 62720,
            "40.000000" : 66048,
            "50.000000" : 70144,
            "60.000000" : 77312,
            "70.000000" : 93696,
            "80.000000" : 109056,
            "90.000000" : 142336,
            "95.000000" : 240640,
            "99.000000" : 329728,
            "99.500000" : 354304,
            "99.900000" : 411648,
            "99.950000" : 473088,
            "99.990000" : 4489216
          }
        },
        "lat_ns" : {
          "min" : 27520,
          "max" : 4610318,
          "mean" : 94003.887986,
          "stddev" : 98575.608756
        },
        "bw_min" : 307840,
        "bw_max" : 315912,
        "bw_agg" : 99.851444,
        "bw_mean" : 311876.000000,
        "bw_dev" : 5707.765938,
        "bw_samples" : 2,
        "iops_min" : 76960,
        "iops_max" : 78978,
        "iops_mean" : 77969.000000,
        "iops_stddev" : 1426.941484,
        "iops_samples" : 2
      },
      "write" : {
        "io_bytes" : 160743424,
        "io_kbytes" : 156976,
        "bw_bytes" : 136686585,
        "bw" : 133482,
        "iops" : 33370.748299,
        "runtime" : 1176,
        "total_ios" : 39244,
        "short_ios" : 0,
        "drop_ios" : 0,
        "slat_ns" : {
          "min" : 854,
          "max" : 43602,
          "mean" : 1830.021354,
          "stddev" : 1192.186189
        },
        "clat_ns" : {
          "min" : 6423,
          "max" : 233015,
          "mean" : 15664.569845,
          "stddev" : 6847.885526,
          "percentile" : {
            "1.000000" : 10432,
            "5.000000" : 11200,
            "10.000000" : 11840,
            "20.000000" : 12224,
            "30.000000" : 12736,
            "40.000000" : 13504,
            "50.000000" : 14144,
            "60.000000" : 14912,
            "70.000000" : 15936,
            "80.000000" : 17280,
            "90.000000" : 19584,
            "95.000000" : 22912,
            "99.000000" : 50432,
            "99.500000" : 61184,
            "99.900000" : 83456,
            "99.950000" : 94720,
            "99.990000" : 117248
          }
        },
        "lat_ns" : {
          "min" : 11192,
          "max" : 238557,
          "mean" : 17580.780476,
          "stddev" : 7540.458047
        },
        "bw_min" : 130760,
        "bw_max" : 135296,
        "bw_agg" : 99.659879,
        "bw_mean" : 133028.000000,
        "bw_dev" : 3207.436359,
        "bw_samples" : 2,
        "iops_min" : 32690,
        "iops_max" : 33824,
        "iops_mean" : 33257.000000,
        "iops_stddev" : 801.859090,
        "iops_samples" : 2
      },
      "trim" : {
        "io_bytes" : 0,
        "io_kbytes" : 0,
        "bw_bytes" : 0,
        "bw" : 0,
        "iops" : 0.000000,
        "runtime" : 0,
        "total_ios" : 0,
        "short_ios" : 0,
        "drop_ios" : 0,
        "slat_ns" : {
          "min" : 0,
          "max" : 0,
          "mean" : 0.000000,
          "stddev" : 0.000000
        },
        "clat_ns" : {
          "min" : 0,
          "max" : 0,
          "mean" : 0.000000,
          "stddev" : 0.000000,
          "percentile" : {
            "1.000000" : 0,
            "5.000000" : 0,
            "10.000000" : 0,
            "20.000000" : 0,
            "30.000000" : 0,
            "40.000000" : 0,
            "50.000000" : 0,
            "60.000000" : 0,
            "70.000000" : 0,
            "80.000000" : 0,
            "90.000000" : 0,
            "95.000000" : 0,
            "99.000000" : 0,
            "99.500000" : 0,
            "99.900000" : 0,
            "99.950000" : 0,
            "99.990000" : 0
          }
        },
        "lat_ns" : {
          "min" : 0,
          "max" : 0,
          "mean" : 0.000000,
          "stddev" : 0.000000
        },
        "bw_min" : 0,
        "bw_max" : 0,
        "bw_agg" : 0.000000,
        "bw_mean" : 0.000000,
        "bw_dev" : 0.000000,
        "bw_samples" : 0,
        "iops_min" : 0,
        "iops_max" : 0,
        "iops_mean" : 0.000000,
        "iops_stddev" : 0.000000,
        "iops_samples" : 0
      },
      "sync" : {
        "lat_ns" : {
          "min" : 0,
          "max" : 0,
          "mean" : 0.000000,
          "stddev" : 0.000000,
          "percentile" : {
            "1.000000" : 0,
            "5.000000" : 0,
            "10.000000" : 0,
            "20.000000" : 0,
            "30.000000" : 0,
            "40.000000" : 0,
            "50.000000" : 0,
            "60.000000" : 0,
            "70.000000" : 0,
            "80.000000" : 0,
            "90.000000" : 0,
            "95.000000" : 0,
            "99.000000" : 0,
            "99.500000" : 0,
            "99.900000" : 0,
            "99.950000" : 0,
            "99.990000" : 0
          }
        },
        "total_ios" : 0
      },
      "job_runtime" : 1175,
      "usr_cpu" : 16.085106,
      "sys_cpu" : 28.340426,
      "ctx" : 65375,
      "majf" : 0,
      "minf" : 13,
      "iodepth_level" : {
        "1" : 0.100000,
        "2" : 0.100000,
        "4" : 0.100000,
        "8" : 99.994659,
        "16" : 0.000000,
        "32" : 0.000000,
        ">=64" : 0.000000
      },
      "iodepth_submit" : {
        "0" : 0.000000,
        "4" : 100.000000,
        "8" : 0.000000,
        "16" : 0.000000,
        "32" : 0.000000,
        "64" : 0.000000,
        ">=64" : 0.000000
      },
      "iodepth_complete" : {
        "0" : 0.000000,
        "4" : 99.999237,
        "8" : 0.100000,
        "16" : 0.000000,
        "32" : 0.000000,
        "64" : 0.000000,
        ">=64" : 0.000000
      },
      "latency_ns" : {
        "2" : 0.000000,
        "4" : 0.000000,
        "10" : 0.000000,
        "20" : 0.000000,
        "50" : 0.000000,
        "100" : 0.000000,
        "250" : 0.000000,
        "500" : 0.000000,
        "750" : 0.000000,
        "1000" : 0.000000
      },
      "latency_us" : {
        "2" : 0.000000,
        "4" : 0.000000,
        "10" : 0.051117,
        "20" : 27.139282,
        "50" : 9.883118,
        "100" : 44.781494,
        "250" : 14.862061,
        "500" : 3.253937,
        "750" : 0.010000,
        "1000" : 0.000000
      },
      "latency_ms" : {
        "2" : 0.000000,
        "4" : 0.000000,
        "10" : 0.024414,
        "20" : 0.000000,
        "50" : 0.000000,
        "100" : 0.000000,
        "250" : 0.000000,
        "500" : 0.000000,
        "750" : 0.000000,
        "1000" : 0.000000,
        "2000" : 0.000000,
        ">=2000" : 0.000000
      },
      "latency_depth" : 8,
      "latency_target" : 0,
      "latency_percentile" : 100.000000,
      "latency_window" : 0
    }
  ],
  "disk_util" : [
    {
      "name" : "nvme0n1",
      "read_ios" : 89676,