{
  "fio version" : "fio-3.16",
  "timestamp" : 1698258969,
  "timestamp_ms" : 1698258969107,
  "time" : "Wed Oct 25 14:36:09 2023",
  "global options" : {
    "bs" : "4k",
    "iodepth" : "1024",
    "rwmixread" : "70"
  },
  "jobs" : [
    {
      "jobname" : "Job1",
      "groupid" : 0,
      "error" : 0,
      "eta" : 2147483647,
      "elapsed" : 1,
      "job options" : {
        "ioengine" : "libaio",
        "numjobs" : "1",
        "direct" : "1",
        "fsync" : "0",
        "rw" : "randrw",
        "size" : "512m",
        "filename" : "/dev/nvme0n1p5"
      },
      "read" : {
        "io_bytes" : 376127488,
        "io_kbytes" : 367312,
        "bw_bytes" : 715071269,
        "bw" : 698311,
        "iops" : 174577.946768,
        "runtime" : 526,
        "total_ios" : 91828,
        "short_ios" : 0,
        "drop_ios" : 0,
        "slat_ns" : {
          "min" : 836,
          "max" : 820607,
          "mean" : 2942.146731,
          "stddev" : 20302.123622
        },
        "clat_ns" : {
          "min" : 296934,
          "max" : 12517625,
          "mean" : 4219594.638890,
          "stddev" : 1032288.984753,
          "percentile" : {
            "1.000000" : 2375680,
            "5.000000" : 3260416,
            "10.000000" : 3522560,
            "20.000000" : 3751936,
            "30.000000" : 3850240,
            "40.000000" : 3981312,
            "50.000000" : 4079616,
            "60.000000" : 4177920,
            "70.000000" : 4358144,
            "80.000000" : 4554752,
            "90.000000" : 4947968,
            "95.000000" : 5406720,
            "99.000000" : 10027008,
            "99.500000" : 11730944,
            "99.900000" : 12124160,
            "99.950000" : 12255232,
            "99.990000" : 12386304
          }
        },
        "lat_ns" : {
          "min" : 298125,
          "max" : 12522428,
          "mean" : 4222620.613114,
          "stddev" : 1032923.730929
        },
        "bw_min" : 698480,
        "bw_max" : 698480,
        "bw_agg" : 100.000000,
        "bw_mean" : 698480.000000,
        "bw_dev" : 0.000000,
        "bw_samples" : 1,
        "iops_min" : 174620,
        "iops_max" : 174620,
        "iops_mean" : 174620.000000,
        "iops_stddev" : 0.000000,
        "iops_samples" : 1
      },
      "write" : {
        "io_bytes" : 160743424,
        "io_kbytes" : 156976,
        "bw_bytes" : 305595863,
        "bw" : 298433,
        "iops" : 74608.365019,
        "runtime" : 526,
        "total_ios" : 39244,
        "short_ios" : 0,
        "drop_ios" : 0,
        "slat_ns" : {
          "min" : 861,
          "max" : 901315,
          "mean" : 3179.423071,
          "stddev" : 20656.795645
        },
        "clat_ns" : {
          "min" : 57168,
          "max" : 12224504,
          "mean" : 3676615.536643,
          "stddev" : 1030066.948433,
          "percentile" : {
            "1.000000" : 1859584,
            "5.000000" : 2867200,
            "10.000000" : 3063808,
            "20.000000" : 3293184,
            "30.000000" : 3391488,
            "40.000000" : 3489792,
            "50.000000" : 3555328,
            "60.000000" : 3653632,
            "70.000000" : 3719168,
            "80.000000" : 3850240,
            "90.000000" : 4079616,
            "95.000000" : 4489216,
            "99.000000" : 10289152,
            "99.500000" : 11730944,
            "99.900000" : 12124160,
            "99.950000" : 12124160,
            "99.990000" : 12255232
          }
        },
        "lat_ns" : {
          "min" : 58333,
          "max" : 12244299,
          "mean" : 3679880.448451,
          "stddev" : 1030656.942598
        },
        "bw_min" : 298920,
        "bw_max" : 298920,
        "bw_agg" : 100.000000,
        "bw_mean" : 298920.000000,
        "bw_dev" : 0.000000,
        "bw_samples" : 1,
        "iops_min" : 74730,
        "iops_max" : 74730,
        "iops_mean" : 74730.000000,
        "iops_stddev" : 0.000000,
        "iops_samples" : 1
      },
      "trim" : {
        "io_bytes" : 0,
        "io_kbytes" : 0,
        "bw_bytes" : 0,
        "bw" : 0,
        "iops" : 0.000000,
        "runtime" : 0,
        "total_ios" : 0,
        "short_ios" : 0,
        "drop_ios" : 0,
        "slat_ns" : {
          "min" : 0,
          "max" : 0,
          "mean" : 0.000000,
          "stddev" : 0.000000
        },
        "clat_ns" : {
          "min" : 0,
          "max" : 0,
          "mean" : 0.000000,
          "stddev" : 0.000000,
          "percentile" : {
            "1.000000" : 0,
            "5.000000" : 0,
            "10.000000" : 0,
            "20.000000" : 0,
            "30.000000" : 0,
            "40.000000" : 0,
            "50.000000" : 0,
            "60.000000" : 0,
            "70.000000" : 0,
            "80.000000" : 0,
            "90.000000" : 0,
            "95.000000" : 0,
            "99.000000" : 0,
            "99.500000" : 0,
            "99.900000" : 0,
            "99.950000" : 0,
            "99.990000" : 0
          }
        },
        "lat_ns" : {
          "min" : 0,
          "max" : 0,
          "mean" : 0.000000,
          "stddev" : 0.000000
        },
        "bw_min" : 0,
        "bw_max" : 0,
        "bw_agg" : 0.000000,
        "bw_mean" : 0.000000,
        "bw_dev" : 0.000000,
        "bw_samples" : 0,
        "iops_min" : 0,
        "iops_max" : 0,
        "iops_mean" : 0.000000,
        "iops_stddev" : 0.000000,
        "iops_samples" : 0
      },
      "sync" : {
        "lat_ns" : {
          "min" : 0,
          "max" : 0,
          "mean" : 0.000000,
          "stddev" : 0.000000,
          "percentile" : {
            "1.000000" : 0,
            "5.000000" : 0,
            "10.000000" : 0,
            "20.000000" : 0,
            "30.000000" : 0,
            "40.000000" : 0,
            "50.000000" : 0,
            "60.000000" : 0,
            "70.000000" : 0,
            "80.000000" : 0,
            "90.000000" : 0,
            "95.000000" : 0,
            "99.000000" : 0,
            "99.500000" : 0,
            "99.900000" : 0,
            "99.950000" : 0,
            "99.990000" : 0
          }
        },
        "total_ios" : 0
      },
      "job_runtime" : 525,
      "usr_cpu" : 24.000000,
      "sys_cpu" : 43.619048,
      "ctx" : 2657,
      "majf" : 0,
      "minf" : 11,
      "iodepth_level" : {
        "1" : 0.100000,
        "2" : 0.100000,
        "4" : 0.100000,
        "8" : 0.100000,
        "16" : 0.100000,
        "32" : 0.100000,
        ">=64" : 99.951935
      },
      "iodepth_submit" : {
        "0" : 0.000000,
        "4" : 100.000000,
        "8" : 0.000000,
        "16" : 0.000000,
        "32" : 0.000000,
        "64" : 0.000000,
        ">=64" : 0.000000
      },
      "iodepth_complete" : {
        "0" : 0.000000,
        "4" : 99.999231,
        "8" : 0.000000,
        "16" : 0.000000,
        "32" : 0.000000,
        "64" : 0.000000,
        ">=64" : 0.100000
      },
      "latency_ns" : {
        "2" : 0.000000,
        "4" : 0.000000,
        "10" : 0.000000,
        "20" : 0.000000,
        "50" : 0.000000,
        "100" : 0.000000,
        "250" : 0.000000,
        "500" : 0.000000,
        "750" : 0.000000,
        "1000" : 0.000000
      },
      "latency_us" : {
        "2" : 0.000000,
        "4" : 0.000000,
        "10" : 0.000000,
        "20" : 0.000000,
        "50" : 0.000000,
        "100" : 0.010000,
        "250" : 0.015259,
        "500" : 0.080872,
        "750" : 0.061035,
        "1000" : 0.082397
      },
      "latency_ms" : {
        "2" : 0.594330,
        "4" : 55.844116,
        "10" : 42.315674,
        "20" : 1.001740,
        "50" : 0.000000,
        "100" : 0.000000,
        "250" : 0.000000,
        "500" : 0.000000,
        "750" : 0.000000,
        "1000" : 0.000000,
        "2000" : 0.000000,
        ">=2000" : 0.000000
      },
      "latency_depth" : 1024,
      "latency_target" : 0,
      "latency_percentile" : 100.000000,
      "latency_window" : 0
    }
  ],