{
  "fio version" : "fio-3.16",
  "timestamp" : 1698258955,
  "timestamp_ms" : 1698258955303,
  "time" : "Wed Oct 25 14:35:55 2023",
  "global options" : {
    "bs" : "4k",
    "iodepth" : "8",
    "rwmixread" : "50"
  },
  "jobs" : [
    {
      "jobname" : "Job1",
      "groupid" : 0,
      "error" : 0,
      "eta" : 2147483647,
      "elapsed" : 2,
      "job options" : {
        "ioengine" : "libaio",
        "numjobs" : "1",
        "direct" : "1",
        "fsync" : "0",
        "rw" : "randrw",
        "size" : "512m",
        "filename" : "/dev/nvme0n1p5"
      },
      "read" : {
        "io_bytes" : 269160448,
        "io_kbytes" : 262852,
        "bw_bytes" : 288180351,
        "bw" : 281426,
        "iops" : 70356.531049,
        "runtime" : 934,
        "total_ios" : 65713,
        "short_ios" : 0,
        "drop_ios" : 0,
        "slat_ns" : {
          "min" : 791,
          "max" : 61559,
          "mean" : 1513.086984,
          "stddev" : 1138.352822
        },
        "clat_ns" : {
          "min" : 24028,
          "max" : 609435,
          "mean" : 91860.542313,
          "stddev" : 72176.829281,
          "percentile" : {
            "1.000000" : 30592,
            "5.000000" : 36096,
            "10.000000" : 38656,
            "20.000000" : 47872,
            "30.000000" : 61184,
            "40.000000" : 63232,
            "50.000000" : 66048,
            "60.000000" : 69120,
            "70.000000" : 74240,
            "80.000000" : 102912,
            "90.000000" : 240640,
            "95.000000" : 276480,
            "99.000000" : 317440,
            "99.500000" : 333824,
            "99.900000" : 370688,
            "99.950000" : 391168,
            "99.990000" : 593920
          }
        },
        "lat_ns" : {
          "min" : 27437,
          "max" : 610521,
          "mean" : 93451.530519,
          "stddev" : 72207.469963
        },
        "bw_min" : 276792,
        "bw_max" : 276792,
        "bw_agg" : 98.353386,
        "bw_mean" : 276792.000000,
        "bw_dev" : 0.000000,
        "bw_samples" : 1,
        "iops_min" : 69198,
        "iops_max" : 69198,
        "iops_mean" : 69198.000000,
        "iops_stddev" : 0.000000,
        "iops_samples" : 1
      },
      "write" : {
        "io_bytes" : 267710464,
        "io_kbytes" : 261436,
        "bw_bytes" : 286627905,
        "bw" : 279910,
        "iops" : 69977.516060,
        "runtime" : 934,
        "total_ios" : 65359,
        "short_ios" : 0,
        "drop_ios" : 0,
        "slat_ns" : {
          "min" : 822,
          "max" : 40747,
          "mean" : 1666.475711,
          "stddev" : 1171.866389
        },
        "clat_ns" : {
          "min" : 7834,
          "max" : 235719,
          "mean" : 17515.765495,
          "stddev" : 8334.288431,
          "percentile" : {
            "1.000000" : 10560,
            "5.000000" : 11456,
            "10.000000" : 11968,
            "20.000000" : 12992,
            "30.000000" : 13888,
            "40.000000" : 14912,
            "50.000000" : 15808,
            "60.000000" : 16768,
            "70.000000" : 18048,
            "80.000000" : 19584,
            "90.000000" : 22656,
            "95.000000" : 27776,
            "99.000000" : 61696,
            "99.500000" : 71168,
            "99.900000" : 91648,
            "99.950000" : 101888,
            "99.990000" : 124416
          }
        },
        "lat_ns" : {
          "min" : 11023,
          "max" : 240428,
          "mean" : 19259.846999,
          "stddev" : 8927.889529
        },
        "bw_min" : 277128,
        "bw_max" : 277128,
        "bw_agg" : 99.006109,
        "bw_mean" : 277128.000000,
        "bw_dev" : 0.000000,
        "bw_samples" : 1,
        "iops_min" : 69282,
        "iops_max" : 69282,
        "iops_mean" : 69282.000000,
        "iops_stddev" : 0.000000,
        "iops_samples" : 1
      },
      "trim" : {
        "io_bytes" : 0,
        "io_kbytes" : 0,
        "bw_bytes" : 0,
        "bw" : 0,
        "iops" : 0.000000,
        "runtime" : 0,
        "total_ios" : 0,
        "short_ios" : 0,
        "drop_ios" : 0,
        "slat_ns" : {
          "min" : 0,
          "max" : 0,
          "mean" : 0.000000,
          "stddev" : 0.000000
        },
        "clat_ns" : {
          "min" : 0,
          "max" : 0,
          "mean" : 0.000000,
          "stddev" : 0.000000,
          "percentile" : {
            "1.000000" : 0,
            "5.000000" : 0,
            "10.000000" : 0,
            "20.000000" : 0,
            "30.000000" : 0,
            "40.000000" : 0,
            "50.000000" : 0,
            "60.000000" : 0,
            "70.000000" : 0,
            "80.000000" : 0,
            "90.000000" : 0,
            "95.000000" : 0,
            "99.000000" : 0,
            "99.500000" : 0,
            "99.900000" : 0,
            "99.950000" : 0,
            "99.990000" : 0
          }
        },
        "lat_ns" : {
          "min" : 0,
          "max" : 0,
          "mean" : 0.000000,
          "stddev" : 0.000000
        },
        "bw_min" : 0,
        "bw_max" : 0,
        "bw_agg" : 0.000000,
        "bw_mean" : 0.000000,
        "bw_dev" : 0.000000,
        "bw_samples" : 0,
        "iops_min" : 0,
        "iops_max" : 0,
        "iops_mean" : 0.000000,
        "iops_stddev" : 0.000000,
        "iops_samples" : 0
      },
      "sync" : {
        "lat_ns" : {
          "min" : 0,
          "max" : 0,
          "mean" : 0.000000,
          "stddev" : 0.000000,
          "percentile" : {
            "1.000000" : 0,
            "5.000000" : 0,
            "10.000000" : 0,
            "20.000000" : 0,
            "30.000000" : 0,
            "40.000000" : 0,
            "50.000000" : 0,
            "60.000000" : 0,
            "70.000000" : 0,
            "80.000000" : 0,
            "90.000000" : 0,
            "95.000000" : 0,
            "99.000000" : 0,
            "99.500000" : 0,
            "99.900000" : 0,
            "99.950000" : 0,
            "99.990000" : 0
          }
        },
        "total_ios" : 0
      },
      "job_runtime" : 933,
      "usr_cpu" : 19.506967,
      "sys_cpu" : 27.867095,
      "ctx" : 48068,
      "majf" : 0,
      "minf" : 11,
      "iodepth_level" : {
        "1" : 0.100000,
        "2" : 0.100000,
        "4" : 0.100000,
        "8" : 99.994659,
        "16" : 0.000000,
        "32" : 0.000000,
        ">=64" : 0.000000
      },
      "iodepth_submit" : {
        "0" : 0.000000,
        "4" : 100.000000,
        "8" : 0.000000,
        "16" : 0.000000,
        "32" : 0.000000,
        "64" : 0.000000,
        ">=64" : 0.000000
      },
      "iodepth_complete" : {
        "0" : 0.000000,
        "4" : 99.999237,
        "8" : 0.100000,
        "16" : 0.000000,
        "32" : 0.000000,
        "64" : 0.000000,
        ">=64" : 0.000000
      },
      "latency_ns" : {
        "2" : 0.000000,
        "4" : 0.000000,
        "10" : 0.000000,
        "20" : 0.000000,
        "50" : 0.000000,
        "100" : 0.000000,
        "250" : 0.000000,
        "500" : 0.000000,
        "750" : 0.000000,
        "1000" : 0.000000
      },
      "latency_us" : {
        "2" : 0.000000,
        "4" : 0.000000,
        "10" : 0.079346,
        "20" : 40.670013,
        "50" : 19.072723,
        "100" : 29.940796,
        "250" : 5.761719,
        "500" : 4.463196,
        "750" : 0.012207,
        "1000" : 0.000000
      },
      "latency_ms" : {
        "2" : 0.000000,
        "4" : 0.000000,
        "10" : 0.000000,
        "20" : 0.000000,
        "50" : 0.000000,
        "100" : 0.000000,
        "250" : 0.000000,
        "500" : 0.000000,
        "750" : 0.000000,
        "1000" : 0.000000,
        "2000" : 0.000000,
        ">=2000" : 0.000000
      },
      "latency_depth" : 8,
      "latency_target" : 0,
      "latency_percentile" : 100.000000,
      "latency_window" : 0
    }
  ],
  "disk_util" : [
    {
      "name" : "nvme0n1",
      "read_ios" : 63212,
      "write_ios" : 62898,