{
  "fio version" : "fio-3.16",
  "timestamp" : 1698259035,
  "timestamp_ms" : 1698259035881,
  "time" : "Wed Oct 25 14:37:15 2023",
  "global options" : {
    "bs" : "128k",
    "iodepth" : "256",
    "rwmixread" : "50"
  },
  "jobs" : [
    {
      "jobname" : "Job1",
      "groupid" : 0,
      "error" : 0,
      "eta" : 2147483647,
      "elapsed" : 1,
      "job options" : {
        "ioengine" : "libaio",
        "numjobs" : "1",
        "direct" : "1",
        "fsync" : "0",
        "rw" : "randrw",
        "size" : "512m",
        "filename" : "/dev/nvme0n1p5"
      },
      "read" : {
        "io_bytes" : 261095424,
        "io_kbytes" : 254976,
        "bw_bytes" : 731359731,
        "bw" : 714218,
        "iops" : 5579.831933,
        "runtime" : 357,
        "total_ios" : 1992,
        "short_ios" : 0,
        "drop_ios" : 0,
        "slat_ns" : {
          "min" : 3640,
          "max" : 229481,
          "mean" : 20628.453815,
          "stddev" : 12925.987300
        },
        "clat_ns" : {
          "min" : 2220236,
          "max" : 51562328,
          "mean" : 24926383.831325,
          "stddev" : 7339416.099830,
          "percentile" : {
            "1.000000" : 6586368,
            "5.000000" : 13828096,
            "10.000000" : 16449536,
            "20.000000" : 21364736,
            "30.000000" : 22937600,
            "40.000000" : 23724032,
            "50.000000" : 23986176,
            "60.000000" : 24772608,
            "70.000000" : 25821184,
            "80.000000" : 27918336,
            "90.000000" : 33816576,
            "95.000000" : 40632320,
            "99.000000" : 47448064,
            "99.500000" : 49545216,
            "99.900000" : 51642368,
            "99.950000" : 51642368,
            "99.990000" : 51642368
          }
        },
        "lat_ns" : {
          "min" : 2234443,
          "max" : 51578952,
          "mean" : 24947384.843373,
          "stddev" : 7341147.087823
        },
        "bw_min" : 0,
        "bw_max" : 0,
        "bw_agg" : 0.000000,
        "bw_mean" : 0.000000,
        "bw_dev" : 0.000000,
        "bw_samples" : 0,
        "iops_min" : 0,
        "iops_max" : 0,
        "iops_mean" : 0.000000,
        "iops_stddev" : 0.000000,
        "iops_samples" : 0
      },
      "write" : {
        "io_bytes" : 275775488,
        "io_kbytes" : 269312,
        "bw_bytes" : 772480358,
        "bw" : 754375,
        "iops" : 5893.557423,
        "runtime" : 357,
        "total_ios" : 2104,
        "short_ios" : 0,
        "drop_ios" : 0,
        "slat_ns" : {
          "min" : 4520,
          "max" : 191012,
          "mean" : 30633.092681,
          "stddev" : 13648.486232
        },
        "clat_ns" : {
          "min" : 2111592,
          "max" : 46852480,
          "mean" : 19506282.665874,
          "stddev" : 7170667.387837,
          "percentile" : {
            "1.000000" : 2211840,
            "5.000000" : 8585216,
            "10.000000" : 10420224,
            "20.000000" : 15400960,
            "30.000000" : 17694720,
            "40.000000" : 18219008,
            "50.000000" : 19005440,
            "60.000000" : 19529728,
            "70.000000" : 20840448,
            "80.000000" : 22937600,
            "90.000000" : 27656192,
            "95.000000" : 34865152,
            "99.000000" : 42205184,
            "99.500000" : 43778048,
            "99.900000" : 45350912,
            "99.950000" : 46399488,
            "99.990000" : 46923776
          }
        },
        "lat_ns" : {
          "min" : 2120394,
          "max" : 46879102,
          "mean" : 19537356.730513,
          "stddev" : 7172839.995717
        },
        "bw_min" : 0,
        "bw_max" : 0,
        "bw_agg" : 0.000000,
        "bw_mean" : 0.000000,
        "bw_dev" : 0.000000,
        "bw_samples" : 0,
        "iops_min" : 0,
        "iops_max" : 0,
        "iops_mean" : 0.000000,
        "iops_stddev" : 0.000000,
        "iops_samples" : 0
      },
      "trim" : {
        "io_bytes" : 0,
        "io_kbytes" : 0,
        "bw_bytes" : 0,
        "bw" : 0,
        "iops" : 0.000000,
        "runtime" : 0,
        "total_ios" : 0,
        "short_ios" : 0,
        "drop_ios" : 0,
        "slat_ns" : {
          "min" : 0,
          "max" : 0,
          "mean" : 0.000000,
          "stddev" : 0.000000
        },
        "clat_ns" : {
          "min" : 0,
          "max" : 0,
          "mean" : 0.000000,
          "stddev" : 0.000000,
          "percentile" : {
            "1.000000" : 0,
            "5.000000" : 0,
            "10.000000" : 0,
            "20.000000" : 0,
            "30.000000" : 0,
            "40.000000" : 0,
            "50.000000" : 0,
            "60.000000" : 0,
            "70.000000" : 0,
            "80.000000" : 0,
            "90.000000" : 0,
            "95.000000" : 0,
            "99.000000" : 0,
            "99.500000" : 0,
            "99.900000" : 0,
            "99.950000" : 0,
            "99.990000" : 0
          }
        },
        "lat_ns" : {
          "min" : 0,
          "max" : 0,
          "mean" : 0.000000,
          "stddev" : 0.000000
        },
        "bw_min" : 0,
        "bw_max" : 0,
        "bw_agg" : 0.000000,
        "bw_mean" : 0.000000,
        "bw_dev" : 0.000000,
        "bw_samples" : 0,
        "iops_min" : 0,
        "iops_max" : 0,
        "iops_mean" : 0.000000,
        "iops_stddev" : 0.000000,
        "iops_samples" : 0
      },
      "sync" : {
        "lat_ns" : {
          "min" : 0,
          "max" : 0,
          "mean" : 0.000000,
          "stddev" : 0.000000,
          "percentile" : {
            "1.000000" : 0,
            "5.000000" : 0,
            "10.000000" : 0,
            "20.000000" : 0,
            "30.000000" : 0,
            "40.000000" : 0,
            "50.000000" : 0,
            "60.000000" : 0,
            "70.000000" : 0,
            "80.000000" : 0,
            "90.000000" : 0,
            "95.000000" : 0,
            "99.000000" : 0,
            "99.500000" : 0,
            "99.900000" : 0,
            "99.950000" : 0,
            "99.990000" : 0
          }
        },
        "total_ios" : 0
      },
      "job_runtime" : 356,
      "usr_cpu" : 9.831461,
      "sys_cpu" : 30.056180,
      "ctx" : 713,
      "majf" : 0,
      "minf" : 11,
      "iodepth_level" : {
        "1" : 0.100000,
        "2" : 0.100000,
        "4" : 0.100000,
        "8" : 0.195312,
        "16" : 0.390625,
        "32" : 0.781250,
        ">=64" : 98.461914
      },
      "iodepth_submit" : {
        "0" : 0.000000,
        "4" : 100.000000,
        "8" : 0.000000,
        "16" : 0.000000,
        "32" : 0.000000,
        "64" : 0.000000,
        ">=64" : 0.000000
      },
      "iodepth_complete" : {
        "0" : 0.000000,
        "4" : 99.973972,
        "8" : 0.000000,
        "16" : 0.000000,
        "32" : 0.000000,
        "64" : 0.000000,
        ">=64" : 0.100000
      },
      "latency_ns" : {
        "2" : 0.000000,
        "4" : 0.000000,
        "10" : 0.000000,
        "20" : 0.000000,
        "50" : 0.000000,
        "100" : 0.000000,
        "250" : 0.000000,
        "500" : 0.000000,
        "750" : 0.000000,
        "1000" : 0.000000
      },
      "latency_us" : {
        "2" : 0.000000,
        "4" : 0.000000,
        "10" : 0.000000,
        "20" : 0.000000,
        "50" : 0.000000,
        "100" : 0.000000,
        "250" : 0.000000,
        "500" : 0.000000,
        "750" : 0.000000,
        "1000" : 0.000000
      },
      "latency_ms" : {
        "2" : 0.000000,
        "4" : 1.123047,
        "10" : 4.418945,
        "20" : 35.546875,
        "50" : 58.715820,
        "100" : 0.195312,
        "250" : 0.000000,
        "500" : 0.000000,
        "750" : 0.000000,
        "1000" : 0.000000,
        "2000" : 0.000000,
        ">=2000" : 0.000000
      },
      "latency_depth" : 256,
      "latency_target" : 0,
      "latency_percentile" : 100.000000,
      "latency_window" : 0
    }
  ],