{
  "fio version" : "fio-3.16",
  "timestamp" : 1698259017,
  "timestamp_ms" : 1698259017307,
  "time" : "Wed Oct 25 14:36:57 2023",
  "global options" : {
    "bs" : "32k",
    "iodepth" : "256",
    "rwmixread" : "70"
  },
  "jobs" : [
    {
      "jobname" : "Job1",
      "groupid" : 0,
      "error" : 0,
      "eta" : 2147483647,
      "elapsed" : 1,
      "job options" : {
        "ioengine" : "libaio",
        "numjobs" : "1",
        "direct" : "1",
        "fsync" : "0",
        "rw" : "randrw",
        "size" : "512m",
        "filename" : "/dev/nvme0n1p5"
      },
      "read" : {
        "io_bytes" : 375422976,
        "io_kbytes" : 366624,
        "bw_bytes" : 957711673,
        "bw" : 935265,
        "iops" : 29227.040816,
        "runtime" : 392,
        "total_ios" : 11457,
        "short_ios" : 0,
        "drop_ios" : 0,
        "slat_ns" : {
          "min" : 2881,
          "max" : 169943,
          "mean" : 5341.530244,
          "stddev" : 4066.972127
        },
        "clat_ns" : {
          "min" : 3732376,
          "max" : 24817928,
          "mean" : 7241803.242908,
          "stddev" : 2391332.832707,
          "percentile" : {
            "1.000000" : 4423680,
            "5.000000" : 5931008,
            "10.000000" : 6193152,
            "20.000000" : 6389760,
            "30.000000" : 6586368,
            "40.000000" : 6717440,
            "50.000000" : 6848512,
            "60.000000" : 6979584,
            "70.000000" : 7176192,
            "80.000000" : 7503872,
            "90.000000" : 7962624,
            "95.000000" : 8585216,
            "99.000000" : 23461888,
            "99.500000" : 23986176,
            "99.900000" : 24510464,
            "99.950000" : 24772608,
            "99.990000" : 24772608
          }
        },
        "lat_ns" : {
          "min" : 3742342,
          "max" : 24826748,
          "mean" : 7247317.581566,
          "stddev" : 2391988.260271
        },
        "bw_min" : 0,
        "bw_max" : 0,
        "bw_agg" : 0.000000,
        "bw_mean" : 0.000000,
        "bw_dev" : 0.000000,
        "bw_samples" : 0,
        "iops_min" : 0,
        "iops_max" : 0,
        "iops_mean" : 0.000000,
        "iops_stddev" : 0.000000,
        "iops_samples" : 0
      },
      "write" : {
        "io_bytes" : 161447936,
        "io_kbytes" : 157664,
        "bw_bytes" : 411856979,
        "bw" : 402204,
        "iops" : 12568.877551,
        "runtime" : 392,
        "total_ios" : 4927,
        "short_ios" : 0,
        "drop_ios" : 0,
        "slat_ns" : {
          "min" : 3510,
          "max" : 175121,
          "mean" : 7226.794195,
          "stddev" : 5610.035135
        },
        "clat_ns" : {
          "min" : 281500,
          "max" : 20375585,
          "mean" : 3378253.685204,
          "stddev" : 1412460.635484,
          "percentile" : {
            "1.000000" : 1843200,
            "5.000000" : 2670592,
            "10.000000" : 2801664,
            "20.000000" : 2965504,
            "30.000000" : 3063808,
            "40.000000" : 3162112,
            "50.000000" : 3227648,
            "60.000000" : 3325952,
            "70.000000" : 3391488,
            "80.000000" : 3489792,
            "90.000000" : 3653632,
            "95.000000" : 3850240,
            "99.000000" : 8093696,
            "99.500000" : 15794176,
            "99.900000" : 20316160,
            "99.950000" : 20316160,
            "99.990000" : 20316160
          }
        },
        "lat_ns" : {
          "min" : 294257,
          "max" : 20386400,
          "mean" : 3385654.232393,
          "stddev" : 1413158.246316
        },
        "bw_min" : 0,
        "bw_max" : 0,
        "bw_agg" : 0.000000,
        "bw_mean" : 0.000000,
        "bw_dev" : 0.000000,
        "bw_samples" : 0,
        "iops_min" : 0,
        "iops_max" : 0,
        "iops_mean" : 0.000000,
        "iops_stddev" : 0.000000,
        "iops_samples" : 0
      },
      "trim" : {
        "io_bytes" : 0,
        "io_kbytes" : 0,
        "bw_bytes" : 0,
        "bw" : 0,
        "iops" : 0.000000,
        "runtime" : 0,
        "total_ios" : 0,
        "short_ios" : 0,
        "drop_ios" : 0,
        "slat_ns" : {
          "min" : 0,
          "max" : 0,
          "mean" : 0.000000,
          "stddev" : 0.000000
        },
        "clat_ns" : {
          "min" : 0,
          "max" : 0,
          "mean" : 0.000000,
          "stddev" : 0.000000,
          "percentile" : {
            "1.000000" : 0,
            "5.000000" : 0,
            "10.000000" : 0,
            "20.000000" : 0,
            "30.000000" : 0,
            "40.000000" : 0,
            "50.000000" : 0,
            "60.000000" : 0,
            "70.000000" : 0,
            "80.000000" : 0,
            "90.000000" : 0,
            "95.000000" : 0,
            "99.000000" : 0,
            "99.500000" : 0,
            "99.900000" : 0,
            "99.950000" : 0,
            "99.990000" : 0
          }
        },
        "lat_ns" : {
          "min" : 0,
          "max" : 0,
          "mean" : 0.000000,
          "stddev" : 0.000000
        },
        "bw_min" : 0,
        "bw_max" : 0,
        "bw_agg" : 0.000000,
        "bw_mean" : 0.000000,
        "bw_dev" : 0.000000,
        "bw_samples" : 0,
        "iops_min" : 0,
        "iops_max" : 0,
        "iops_mean" : 0.000000,
        "iops_stddev" : 0.000000,
        "iops_samples" : 0
      },
      "sync" : {
        "lat_ns" : {
          "min" : 0,
          "max" : 0,
          "mean" : 0.000000,
          "stddev" : 0.000000,
          "percentile" : {
            "1.000000" : 0,
            "5.000000" : 0,
            "10.000000" : 0,
            "20.000000" : 0,
            "30.000000" : 0,
            "40.000000" : 0,
            "50.000000" : 0,
            "60.000000" : 0,
            "70.000000" : 0,
            "80.000000" : 0,
            "90.000000" : 0,
            "95.000000" : 0,
            "99.000000" : 0,
            "99.500000" : 0,
            "99.900000" : 0,
            "99.950000" : 0,
            "99.990000" : 0
          }
        },
        "total_ios" : 0
      },
      "job_runtime" : 391,
      "usr_cpu" : 8.184143,
      "sys_cpu" : 32.480818,
      "ctx" : 5060,
      "majf" : 0,
      "minf" : 11,
      "iodepth_level" : {
        "1" : 0.100000,
        "2" : 0.100000,
        "4" : 0.100000,
        "8" : 0.100000,
        "16" : 0.100000,
        "32" : 0.195312,
        ">=64" : 99.615479
      },
      "iodepth_submit" : {
        "0" : 0.000000,
        "4" : 100.000000,
        "8" : 0.000000,
        "16" : 0.000000,
        "32" : 0.000000,
        "64" : 0.000000,
        ">=64" : 0.000000
      },
      "iodepth_complete" : {
        "0" : 0.000000,
        "4" : 99.993800,
        "8" : 0.000000,
        "16" : 0.000000,
        "32" : 0.000000,
        "64" : 0.000000,
        ">=64" : 0.100000
      },
      "latency_ns" : {
        "2" : 0.000000,
        "4" : 0.000000,
        "10" : 0.000000,
        "20" : 0.000000,
        "50" : 0.000000,
        "100" : 0.000000,
        "250" : 0.000000,
        "500" : 0.000000,
        "750" : 0.000000,
        "1000" : 0.000000
      },
      "latency_us" : {
        "2" : 0.000000,
        "4" : 0.000000,
        "10" : 0.000000,
        "20" : 0.000000,
        "50" : 0.000000,
        "100" : 0.000000,
        "250" : 0.000000,
        "500" : 0.018311,
        "750" : 0.000000,
        "1000" : 0.036621
      },
      "latency_ms" : {
        "2" : 0.354004,
        "4" : 28.869629,
        "10" : 68.353271,
        "20" : 1.068115,
        "50" : 1.300049,
        "100" : 0.000000,
        "250" : 0.000000,
        "500" : 0.000000,
        "750" : 0.000000,
        "1000" : 0.000000,
        "2000" : 0.000000,
        ">=2000" : 0.000000
      },
      "latency_depth" : 256,
      "latency_target" : 0,
      "latency_percentile" : 100.000000,
      "latency_window" : 0
    }
  ],
  "disk_util" : [
    {
      "name" : "nvme0n1",