{
  "fio version" : "fio-3.16",
  "timestamp" : 1698258989,
  "timestamp_ms" : 1698258989284,
  "time" : "Wed Oct 25 14:36:29 2023",
  "global options" : {
    "bs" : "16k",
    "iodepth" : "32",
    "rwmixread" : "50"
  },
  "jobs" : [
    {
      "jobname" : "Job1",
      "groupid" : 0,
      "error" : 0,
      "eta" : 2147483647,
      "elapsed" : 1,
      "job options" : {
        "ioengine" : "libaio",
        "numjobs" : "1",
        "direct" : "1",
        "fsync" : "0",
        "rw" : "randrw",
        "size" : "512m",
        "filename" : "/dev/nvme0n1p5"
      },
      "read" : {
        "io_bytes" : 268533760,
        "io_kbytes" : 262240,
        "bw_bytes" : 606171015,
        "bw" : 591963,
        "iops" : 36997.742664,
        "runtime" : 443,
        "total_ios" : 16390,
        "short_ios" : 0,
        "drop_ios" : 0,
        "slat_ns" : {
          "min" : 1445,
          "max" : 58769,
          "mean" : 3869.733984,
          "stddev" : 2790.246237
        },
        "clat_ns" : {
          "min" : 47879,
          "max" : 13749399,
          "mean" : 790618.764613,
          "stddev" : 714774.928743,
          "percentile" : {
            "1.000000" : 94720,
            "5.000000" : 164864,
            "10.000000" : 246784,
            "20.000000" : 366592,
            "30.000000" : 440320,
            "40.000000" : 514048,
            "50.000000" : 602112,
            "60.000000" : 716800,
            "70.000000" : 880640,
            "80.000000" : 1089536,
            "90.000000" : 1466368,
            "95.000000" : 1908736,
            "99.000000" : 3391488,
            "99.500000" : 4423680,
            "99.900000" : 9109504,
            "99.950000" : 9240576,
            "99.990000" : 13697024
          }
        },
        "lat_ns" : {
          "min" : 50100,
          "max" : 13756785,
          "mean" : 794638.941855,
          "stddev" : 714960.723122
        },
        "bw_min" : 0,
        "bw_max" : 0,
        "bw_agg" : 0.000000,
        "bw_mean" : 0.000000,
        "bw_dev" : 0.000000,
        "bw_samples" : 0,
        "iops_min" : 0,
        "iops_max" : 0,
        "iops_mean" : 0.000000,
        "iops_stddev" : 0.000000,
        "iops_samples" : 0
      },
      "write" : {
        "io_bytes" : 268337152,
        "io_kbytes" : 262048,
        "bw_bytes" : 605727205,
        "bw" : 591530,
        "iops" : 36970.654628,
        "runtime" : 443,
        "total_ios" : 16378,
        "short_ios" : 0,
        "drop_ios" : 0,
        "slat_ns" : {
          "min" : 1622,
          "max" : 113107,
          "mean" : 4515.773232,
          "stddev" : 3242.859100
        },
        "clat_ns" : {
          "min" : 13870,
          "max" : 1064519,
          "mean" : 62951.101417,
          "stddev" : 84900.647218,
          "percentile" : {
            "1.000000" : 16320,
            "5.000000" : 17792,
            "10.000000" : 19072,
            "20.000000" : 22912,
            "30.000000" : 26752,
            "40.000000" : 30592,
            "50.000000" : 35072,
            "60.000000" : 41728,
            "70.000000" : 51968,
            "80.000000" : 67072,
            "90.000000" : 108032,
            "95.000000" : 296960,
            "99.000000" : 419840,
            "99.500000" : 452608,
            "99.900000" : 569344,
            "99.950000" : 602112,
            "99.990000" : 1056768
          }
        },
        "lat_ns" : {
          "min" : 17163,
          "max" : 1066714,
          "mean" : 67623.253144,
          "stddev" : 86932.316689
        },
        "bw_min" : 0,
        "bw_max" : 0,
        "bw_agg" : 0.000000,
        "bw_mean" : 0.000000,
        "bw_dev" : 0.000000,
        "bw_samples" : 0,
        "iops_min" : 0,
        "iops_max" : 0,
        "iops_mean" : 0.000000,
        "iops_stddev" : 0.000000,
        "iops_samples" : 0
      },
      "trim" : {
        "io_bytes" : 0,
        "io_kbytes" : 0,
        "bw_bytes" : 0,
        "bw" : 0,
        "iops" : 0.000000,
        "runtime" : 0,
        "total_ios" : 0,
        "short_ios" : 0,
        "drop_ios" : 0,
        "slat_ns" : {
          "min" : 0,
          "max" : 0,
          "mean" : 0.000000,
          "stddev" : 0.000000
        },
        "clat_ns" : {
          "min" : 0,
          "max" : 0,
          "mean" : 0.000000,
          "stddev" : 0.000000,
          "percentile" : {
            "1.000000" : 0,
            "5.000000" : 0,
            "10.000000" : 0,
            "20.000000" : 0,
            "30.000000" : 0,
            "40.000000" : 0,
            "50.000000" : 0,
            "60.000000" : 0,
            "70.000000" : 0,
            "80.000000" : 0,
            "90.000000" : 0,
            "95.000000" : 0,
            "99.000000" : 0,
            "99.500000" : 0,
            "99.900000" : 0,
            "99.950000" : 0,
            "99.990000" : 0
          }
        },
        "lat_ns" : {
          "min" : 0,
          "max" : 0,
          "mean" : 0.000000,
          "stddev" : 0.000000
        },
        "bw_min" : 0,
        "bw_max" : 0,
        "bw_agg" : 0.000000,
        "bw_mean" : 0.000000,
        "bw_dev" : 0.000000,
        "bw_samples" : 0,
        "iops_min" : 0,
        "iops_max" : 0,
        "iops_mean" : 0.000000,
        "iops_stddev" : 0.000000,
        "iops_samples" : 0
      },
      "sync" : {
        "lat_ns" : {
          "min" : 0,
          "max" : 0,
          "mean" : 0.000000,
          "stddev" : 0.000000,
          "percentile" : {
            "1.000000" : 0,
            "5.000000" : 0,
            "10.000000" : 0,
            "20.000000" : 0,
            "30.000000" : 0,
            "40.000000" : 0,
            "50.000000" : 0,
            "60.000000" : 0,
            "70.000000" : 0,
            "80.000000" : 0,
            "90.000000" : 0,
            "95.000000" : 0,
            "99.000000" : 0,
            "99.500000" : 0,
            "99.900000" : 0,
            "99.950000" : 0,
            "99.990000" : 0
          }
        },
        "total_ios" : 0
      },
      "job_runtime" : 442,
      "usr_cpu" : 17.194570,
      "sys_cpu" : 34.389140,
      "ctx" : 9133,
      "majf" : 0,
      "minf" : 12,
      "iodepth_level" : {
        "1" : 0.100000,
        "2" : 0.100000,
        "4" : 0.100000,
        "8" : 0.100000,
        "16" : 0.100000,
        "32" : 99.905396,
        ">=64" : 0.000000
      },
      "iodepth_submit" : {
        "0" : 0.000000,
        "4" : 100.000000,
        "8" : 0.000000,
        "16" : 0.000000,
        "32" : 0.000000,
        "64" : 0.000000,
        ">=64" : 0.000000
      },
      "iodepth_complete" : {
        "0" : 0.000000,
        "4" : 99.996945,
        "8" : 0.000000,
        "16" : 0.000000,
        "32" : 0.100000,
        "64" : 0.000000,
        ">=64" : 0.000000
      },
      "latency_ns" : {
        "2" : 0.000000,
        "4" : 0.000000,
        "10" : 0.000000,
        "20" : 0.000000,
        "50" : 0.000000,
        "100" : 0.000000,
        "250" : 0.000000,
        "500" : 0.000000,
        "750" : 0.000000,
        "1000" : 0.000000
      },
      "latency_us" : {
        "2" : 0.000000,
        "4" : 0.000000,
        "10" : 0.000000,
        "20" : 5.850220,
        "50" : 28.399658,
        "100" : 10.827637,
        "250" : 7.015991,
        "500" : 16.928101,
        "750" : 11.984253,
        "1000" : 6.982422
      },
      "latency_ms" : {
        "2" : 9.783936,
        "4" : 1.889038,
        "10" : 0.326538,
        "20" : 0.012207,
        "50" : 0.000000,
        "100" : 0.000000,
        "250" : 0.000000,
        "500" : 0.000000,
        "750" : 0.000000,
        "1000" : 0.000000,
        "2000" : 0.000000,
        ">=2000" : 0.000000
      },
      "latency_depth" : 32,
      "latency_target" : 0,
      "latency_percentile" : 100.000000,
      "latency_window" : 0
    }
  ],
  "disk_util" : [
    {
      "name" : "nvme0n1",
      "read_ios" : 14729,
      "write_ios" : 14651,