{
  "fio version" : "fio-3.16",
  "timestamp" : 1698259050,
  "timestamp_ms" : 1698259050884,
  "time" : "Wed Oct 25 14:37:30 2023",
  "global options" : {
    "bs" : "256k",
    "iodepth" : "32",
    "rwmixread" : "50"
  },
  "jobs" : [
    {
      "jobname" : "Job1",
      "groupid" : 0,
      "error" : 0,
      "eta" : 2147483647,
      "elapsed" : 1,
      "job options" : {
        "ioengine" : "libaio",
        "numjobs" : "1",
        "direct" : "1",
        "fsync" : "0",
        "rw" : "randrw",
        "size" : "512m",
        "filename" : "/dev/nvme0n1p5"
      },
      "read" : {
        "io_bytes" : 260571136,
        "io_kbytes" : 254464,
        "bw_bytes" : 731941393,
        "bw" : 714786,
        "iops" : 2792.134831,
        "runtime" : 356,
        "total_ios" : 994,
        "short_ios" : 0,
        "drop_ios" : 0,
        "slat_ns" : {
          "min" : 22209,
          "max" : 216423,
          "mean" : 34817.371227,
          "stddev" : 13809.019252
        },
        "clat_ns" : {
          "min" : 1361221,
          "max" : 25667965,
          "mean" : 8229915.912475,
          "stddev" : 3043990.921065,
          "percentile" : {
            "1.000000" : 5275648,
            "5.000000" : 6324224,
            "10.000000" : 6651904,
            "20.000000" : 6979584,
            "30.000000" : 7176192,
            "40.000000" : 7438336,
            "50.000000" : 7700480,
            "60.000000" : 7897088,
            "70.000000" : 8159232,
            "80.000000" : 8454144,
            "90.000000" : 8978432,
            "95.000000" : 12386304,
            "99.000000" : 25034752,
            "99.500000" : 25559040,
            "99.900000" : 25559040,
            "99.950000" : 25559040,
            "99.990000" : 25559040
          }
        },
        "lat_ns" : {
          "min" : 1446374,
          "max" : 25706766,
          "mean" : 8265370.615694,
          "stddev" : 3042847.450454
        },
        "bw_min" : 0,
        "bw_max" : 0,
        "bw_agg" : 0.000000,
        "bw_mean" : 0.000000,
        "bw_dev" : 0.000000,
        "bw_samples" : 0,
        "iops_min" : 0,
        "iops_max" : 0,
        "iops_mean" : 0.000000,
        "iops_stddev" : 0.000000,
        "iops_samples" : 0
      },
      "write" : {
        "io_bytes" : 276299776,
        "io_kbytes" : 269824,
        "bw_bytes" : 776122966,
        "bw" : 757932,
        "iops" : 2960.674157,
        "runtime" : 356,
        "total_ios" : 1054,
        "short_ios" : 0,
        "drop_ios" : 0,
        "slat_ns" : {
          "min" : 30923,
          "max" : 265751,
          "mean" : 55268.691651,
          "stddev" : 17900.598537
        },
        "clat_ns" : {
          "min" : 606504,
          "max" : 19710156,
          "mean" : 2889858.370968,
          "stddev" : 1399481.246303,
          "percentile" : {
            "1.000000" : 913408,
            "5.000000" : 1400832,
            "10.000000" : 1941504,
            "20.000000" : 2211840,
            "30.000000" : 2408448,
            "40.000000" : 2539520,
            "50.000000" : 2736128,
            "60.000000" : 2867200,
            "70.000000" : 3031040,
            "80.000000" : 3293184,
            "90.000000" : 3850240,
            "95.000000" : 4292608,
            "99.000000" : 9371648,
            "99.500000" : 9764864,
            "99.900000" : 15663104,
            "99.950000" : 19791872,
            "99.990000" : 19791872
          }
        },
        "lat_ns" : {
          "min" : 686713,
          "max" : 19757617,
          "mean" : 2945864.984820,
          "stddev" : 1398331.955948
        },
        "bw_min" : 0,
        "bw_max" : 0,
        "bw_agg" : 0.000000,
        "bw_mean" : 0.000000,
        "bw_dev" : 0.000000,
        "bw_samples" : 0,
        "iops_min" : 0,
        "iops_max" : 0,
        "iops_mean" : 0.000000,
        "iops_stddev" : 0.000000,
        "iops_samples" : 0
      },
      "trim" : {
        "io_bytes" : 0,
        "io_kbytes" : 0,
        "bw_bytes" : 0,
        "bw" : 0,
        "iops" : 0.000000,
        "runtime" : 0,
        "total_ios" : 0,
        "short_ios" : 0,
        "drop_ios" : 0,
        "slat_ns" : {
          "min" : 0,
          "max" : 0,
          "mean" : 0.000000,
          "stddev" : 0.000000
        },
        "clat_ns" : {
          "min" : 0,
          "max" : 0,
          "mean" : 0.000000,
          "stddev" : 0.000000,
          "percentile" : {
            "1.000000" : 0,
            "5.000000" : 0,
            "10.000000" : 0,
            "20.000000" : 0,
            "30.000000" : 0,
            "40.000000" : 0,
            "50.000000" : 0,
            "60.000000" : 0,
            "70.000000" : 0,
            "80.000000" : 0,
            "90.000000" : 0,
            "95.000000" : 0,
            "99.000000" : 0,
            "99.500000" : 0,
            "99.900000" : 0,
            "99.950000" : 0,
            "99.990000" : 0
          }
        },
        "lat_ns" : {
          "min" : 0,
          "max" : 0,
          "mean" : 0.000000,
          "stddev" : 0.000000
        },
        "bw_min" : 0,
        "bw_max" : 0,
        "bw_agg" : 0.000000,
        "bw_mean" : 0.000000,
        "bw_dev" : 0.000000,
        "bw_samples" : 0,
        "iops_min" : 0,
        "iops_max" : 0,
        "iops_mean" : 0.000000,
        "iops_stddev" : 0.000000,
        "iops_samples" : 0
      },
      "sync" : {
        "lat_ns" : {
          "min" : 0,
          "max" : 0,
          "mean" : 0.000000,
          "stddev" : 0.000000,
          "percentile" : {
            "1.000000" : 0,
            "5.000000" : 0,
            "10.000000" : 0,
            "20.000000" : 0,
            "30.000000" : 0,
            "40.000000" : 0,
            "50.000000" : 0,
            "60.000000" : 0,
            "70.000000" : 0,
            "80.000000" : 0,
            "90.000000" : 0,
            "95.000000" : 0,
            "99.000000" : 0,
            "99.500000" : 0,
            "99.900000" : 0,
            "99.950000" : 0,
            "99.990000" : 0
          }
        },
        "total_ios" : 0
      },
      "job_runtime" : 355,
      "usr_cpu" : 9.295775,
      "sys_cpu" : 27.605634,
      "ctx" : 709,
      "majf" : 0,
      "minf" : 12,
      "iodepth_level" : {
        "1" : 0.100000,
        "2" : 0.100000,
        "4" : 0.195312,
        "8" : 0.390625,
        "16" : 0.781250,
        "32" : 98.486328,
        ">=64" : 0.000000
      },
      "iodepth_submit" : {
        "0" : 0.000000,
        "4" : 100.000000,
        "8" : 0.000000,
        "16" : 0.000000,
        "32" : 0.000000,
        "64" : 0.000000,
        ">=64" : 0.000000
      },
      "iodepth_complete" : {
        "0" : 0.000000,
        "4" : 99.950446,
        "8" : 0.000000,
        "16" : 0.000000,
        "32" : 0.100000,
        "64" : 0.000000,
        ">=64" : 0.000000
      },
      "latency_ns" : {
        "2" : 0.000000,
        "4" : 0.000000,
        "10" : 0.000000,
        "20" : 0.000000,
        "50" : 0.000000,
        "100" : 0.000000,
        "250" : 0.000000,
        "500" : 0.000000,
        "750" : 0.000000,
        "1000" : 0.000000
      },
      "latency_us" : {
        "2" : 0.000000,
        "4" : 0.000000,
        "10" : 0.000000,
        "20" : 0.000000,
        "50" : 0.000000,
        "100" : 0.000000,
        "250" : 0.000000,
        "500" : 0.000000,
        "750" : 0.244141,
        "1000" : 0.439453
      },
      "latency_ms" : {
        "2" : 5.224609,
        "4" : 41.552734,
        "10" : 49.218750,
        "20" : 2.050781,
        "50" : 1.269531,
        "100" : 0.000000,
        "250" : 0.000000,
        "500" : 0.000000,
        "750" : 0.000000,
        "1000" : 0.000000,
        "2000" : 0.000000,
        ">=2000" : 0.000000
      },
      "latency_depth" : 32,
      "latency_target" : 0,
      "latency_percentile" : 100.000000,
      "latency_window" : 0
    }
  ],
  "disk_util" : [
    {
      "name" : "nvme0n1",