{
  "fio version" : "fio-3.16",
  "timestamp" : 1698258986,
  "timestamp_ms" : 1698258986646,
  "time" : "Wed Oct 25 14:36:26 2023",
  "global options" : {
    "bs" : "16k",
    "iodepth" : "8",
    "rwmixread" : "70"
  },
  "jobs" : [
    {
      "jobname" : "Job1",
      "groupid" : 0,
      "error" : 0,
      "eta" : 2147483647,
      "elapsed" : 1,
      "job options" : {
        "ioengine" : "libaio",
        "numjobs" : "1",
        "direct" : "1",
        "fsync" : "0",
        "rw" : "randrw",
        "size" : "512m",
        "filename" : "/dev/nvme0n1p5"
      },
      "read" : {
        "io_bytes" : 376094720,
        "io_kbytes" : 367280,
        "bw_bytes" : 701669253,
        "bw" : 685223,
        "iops" : 42826.492537,
        "runtime" : 536,
        "total_ios" : 22955,
        "short_ios" : 0,
        "drop_ios" : 0,
        "slat_ns" : {
          "min" : 1983,
          "max" : 84676,
          "mean" : 4226.643041,
          "stddev" : 2829.429929
        },
        "clat_ns" : {
          "min" : 42115,
          "max" : 562532,
          "mean" : 165204.730473,
          "stddev" : 91932.307572,
          "percentile" : {
            "1.000000" : 66048,
            "5.000000" : 80384,
            "10.000000" : 86528,
            "20.000000" : 94720,
            "30.000000" : 101888,
            "40.000000" : 113152,
            "50.000000" : 128512,
            "60.000000" : 144384,
            "70.000000" : 171008,
            "80.000000" : 261120,
            "90.000000" : 325632,
            "95.000000" : 354304,
            "99.000000" : 407552,
            "99.500000" : 432128,
            "99.900000" : 485376,
            "99.950000" : 509952,
            "99.990000" : 528384
          }
        },
        "lat_ns" : {
          "min" : 48958,
          "max" : 565378,
          "mean" : 169597.307471,
          "stddev" : 91972.739308
        },
        "bw_min" : 684736,
        "bw_max" : 684736,
        "bw_agg" : 99.928928,
        "bw_mean" : 684736.000000,
        "bw_dev" : 0.000000,
        "bw_samples" : 1,
        "iops_min" : 42796,
        "iops_max" : 42796,
        "iops_mean" : 42796.000000,
        "iops_stddev" : 0.000000,
        "iops_samples" : 1
      },
      "write" : {
        "io_bytes" : 160776192,
        "io_kbytes" : 157008,
        "bw_bytes" : 299955582,
        "bw" : 292925,
        "iops" : 18307.835821,
        "runtime" : 536,
        "total_ios" : 9813,
        "short_ios" : 0,
        "drop_ios" : 0,
        "slat_ns" : {
          "min" : 2189,
          "max" : 88309,
          "mean" : 5050.366147,
          "stddev" : 3200.224231
        },
        "clat_ns" : {
          "min" : 12825,
          "max" : 235373,
          "mean" : 31265.478549,
          "stddev" : 14529.000286,
          "percentile" : {
            "1.000000" : 16320,
            "5.000000" : 18304,
            "10.000000" : 19072,
            "20.000000" : 21376,
            "30.000000" : 23168,
            "40.000000" : 25216,
            "50.000000" : 27264,
            "60.000000" : 29568,
            "70.000000" : 32640,
            "80.000000" : 37632,
            "90.000000" : 48384,
            "95.000000" : 58112,
            "99.000000" : 89600,
            "99.500000" : 102912,
            "99.900000" : 128512,
            "99.950000" : 136192,
            "99.990000" : 234496
          }
        },
        "lat_ns" : {
          "min" : 17988,
          "max" : 244298,
          "mean" : 36483.584531,
          "stddev" : 16111.378705
        },
        "bw_min" : 292544,
        "bw_max" : 292544,
        "bw_agg" : 99.869933,
        "bw_mean" : 292544.000000,
        "bw_dev" : 0.000000,
        "bw_samples" : 1,
        "iops_min" : 18284,
        "iops_max" : 18284,
        "iops_mean" : 18284.000000,
        "iops_stddev" : 0.000000,
        "iops_samples" : 1
      },
      "trim" : {
        "io_bytes" : 0,
        "io_kbytes" : 0,
        "bw_bytes" : 0,
        "bw" : 0,
        "iops" : 0.000000,
        "runtime" : 0,
        "total_ios" : 0,
        "short_ios" : 0,
        "drop_ios" : 0,
        "slat_ns" : {
          "min" : 0,
          "max" : 0,
          "mean" : 0.000000,
          "stddev" : 0.000000
        },
        "clat_ns" : {
          "min" : 0,
          "max" : 0,
          "mean" : 0.000000,
          "stddev" : 0.000000,
          "percentile" : {
            "1.000000" : 0,
            "5.000000" : 0,
            "10.000000" : 0,
            "20.000000" : 0,
            "30.000000" : 0,
            "40.000000" : 0,
            "50.000000" : 0,
            "60.000000" : 0,
            "70.000000" : 0,
            "80.000000" : 0,
            "90.000000" : 0,
            "95.000000" : 0,
            "99.000000" : 0,
            "99.500000" : 0,
            "99.900000" : 0,
            "99.950000" : 0,
            "99.990000" : 0
          }
        },
        "lat_ns" : {
          "min" : 0,
          "max" : 0,
          "mean" : 0.000000,
          "stddev" : 0.000000
        },
        "bw_min" : 0,
        "bw_max" : 0,
        "bw_agg" : 0.000000,
        "bw_mean" : 0.000000,
        "bw_dev" : 0.000000,
        "bw_samples" : 0,
        "iops_min" : 0,
        "iops_max" : 0,
        "iops_mean" : 0.000000,
        "iops_stddev" : 0.000000,
        "iops_samples" : 0
      },
      "sync" : {
        "lat_ns" : {
          "min" : 0,
          "max" : 0,
          "mean" : 0.000000,
          "stddev" : 0.000000,
          "percentile" : {
            "1.000000" : 0,
            "5.000000" : 0,
            "10.000000" : 0,
            "20.000000" : 0,
            "30.000000" : 0,
            "40.000000" : 0,
            "50.000000" : 0,
            "60.000000" : 0,
            "70.000000" : 0,
            "80.000000" : 0,
            "90.000000" : 0,
            "95.000000" : 0,
            "99.000000" : 0,
            "99.500000" : 0,
            "99.900000" : 0,
            "99.950000" : 0,
            "99.990000" : 0
          }
        },
        "total_ios" : 0
      },
      "job_runtime" : 535,
      "usr_cpu" : 16.635514,
      "sys_cpu" : 33.644860,
      "ctx" : 11916,
      "majf" : 0,
      "minf" : 11,
      "iodepth_level" : {
        "1" : 0.100000,
        "2" : 0.100000,
        "4" : 0.100000,
        "8" : 99.978638,
        "16" : 0.000000,
        "32" : 0.000000,
        ">=64" : 0.000000
      },
      "iodepth_submit" : {
        "0" : 0.000000,
        "4" : 100.000000,
        "8" : 0.000000,
        "16" : 0.000000,
        "32" : 0.000000,
        "64" : 0.000000,
        ">=64" : 0.000000
      },
      "iodepth_complete" : {
        "0" : 0.000000,
        "4" : 99.996948,
        "8" : 0.100000,
        "16" : 0.000000,
        "32" : 0.000000,
        "64" : 0.000000,
        ">=64" : 0.000000
      },
      "latency_ns" : {
        "2" : 0.000000,
        "4" : 0.000000,
        "10" : 0.000000,
        "20" : 0.000000,
        "50" : 0.000000,
        "100" : 0.000000,
        "250" : 0.000000,
        "500" : 0.000000,
        "750" : 0.000000,
        "1000" : 0.000000
      },
      "latency_us" : {
        "2" : 0.000000,
        "4" : 0.000000,
        "10" : 0.000000,
        "20" : 3.927612,
        "50" : 23.355103,
        "100" : 22.067261,
        "250" : 35.971069,
        "500" : 14.630127,
        "750" : 0.048828,
        "1000" : 0.000000
      },
      "latency_ms" : {
        "2" : 0.000000,
        "4" : 0.000000,
        "10" : 0.000000,
        "20" : 0.000000,
        "50" : 0.000000,
        "100" : 0.000000,
        "250" : 0.000000,
        "500" : 0.000000,
        "750" : 0.000000,
        "1000" : 0.000000,
        "2000" : 0.000000,
        ">=2000" : 0.000000
      },
      "latency_depth" : 8,
      "latency_target" : 0,
      "latency_percentile" : 100.000000,
      "latency_window" : 0
    }
  ],
  "disk_util" : [
    {
      "name" : "nvme0n1",
      "read_ios" : 16965,