{
  "fio version" : "fio-3.16",
  "timestamp" : 1698259016,
  "timestamp_ms" : 1698259016346,
  "time" : "Wed Oct 25 14:36:56 2023",
  "global options" : {
    "bs" : "32k",
    "iodepth" : "256",
    "rwmixread" : "50"
  },
  "jobs" : [
    {
      "jobname" : "Job1",
      "groupid" : 0,
      "error" : 0,
      "eta" : 2147483647,
      "elapsed" : 1,
      "job options" : {
        "ioengine" : "libaio",
        "numjobs" : "1",
        "direct" : "1",
        "fsync" : "0",
        "rw" : "randrw",
        "size" : "512m",
        "filename" : "/dev/nvme0n1p5"
      },
      "read" : {
        "io_bytes" : 267386880,
        "io_kbytes" : 261120,
        "bw_bytes" : 683853913,
        "bw" : 667826,
        "iops" : 20869.565217,
        "runtime" : 391,
        "total_ios" : 8160,
        "short_ios" : 0,
        "drop_ios" : 0,
        "slat_ns" : {
          "min" : 1453,
          "max" : 144410,
          "mean" : 5705.501593,
          "stddev" : 5329.232740
        },
        "clat_ns" : {
          "min" : 3590647,
          "max" : 28706692,
          "mean" : 8675887.163480,
          "stddev" : 2816173.732086,
          "percentile" : {
            "1.000000" : 5406720,
            "5.000000" : 6586368,
            "10.000000" : 7045120,
            "20.000000" : 7438336,
            "30.000000" : 7700480,
            "40.000000" : 7962624,
            "50.000000" : 8159232,
            "60.000000" : 8454144,
            "70.000000" : 8847360,
            "80.000000" : 9240576,
            "90.000000" : 10027008,
            "95.000000" : 10813440,
            "99.000000" : 25559040,
            "99.500000" : 26083328,
            "99.900000" : 27918336,
            "99.950000" : 28704768,
            "99.990000" : 28704768
          }
        },
        "lat_ns" : {
          "min" : 3601093,
          "max" : 28711246,
          "mean" : 8681767.857843,
          "stddev" : 2815788.008825
        },
        "bw_min" : 0,
        "bw_max" : 0,
        "bw_agg" : 0.000000,
        "bw_mean" : 0.000000,
        "bw_dev" : 0.000000,
        "bw_samples" : 0,
        "iops_min" : 0,
        "iops_max" : 0,
        "iops_mean" : 0.000000,
        "iops_stddev" : 0.000000,
        "iops_samples" : 0
      },
      "write" : {
        "io_bytes" : 269484032,
        "io_kbytes" : 263168,
        "bw_bytes" : 689217473,
        "bw" : 673063,
        "iops" : 21033.248082,
        "runtime" : 391,
        "total_ios" : 8224,
        "short_ios" : 0,
        "drop_ios" : 0,
        "slat_ns" : {
          "min" : 1977,
          "max" : 128868,
          "mean" : 7552.244042,
          "stddev" : 6317.998505
        },
        "clat_ns" : {
          "min" : 195146,
          "max" : 21336620,
          "mean" : 3472367.063473,
          "stddev" : 1733257.249423,
          "percentile" : {
            "1.000000" : 505856,
            "5.000000" : 2244608,
            "10.000000" : 2506752,
            "20.000000" : 2736128,
            "30.000000" : 2998272,
            "40.000000" : 3162112,
            "50.000000" : 3325952,
            "60.000000" : 3457024,
            "70.000000" : 3620864,
            "80.000000" : 3817472,
            "90.000000" : 4112384,
            "95.000000" : 4816896,
            "99.000000" : 11730944,
            "99.500000" : 17170432,
            "99.900000" : 21102592,
            "99.950000" : 21364736,
            "99.990000" : 21364736
          }
        },
        "lat_ns" : {
          "min" : 199314,
          "max" : 21341208,
          "mean" : 3480094.875000,
          "stddev" : 1732964.557482
        },
        "bw_min" : 0,
        "bw_max" : 0,
        "bw_agg" : 0.000000,
        "bw_mean" : 0.000000,
        "bw_dev" : 0.000000,
        "bw_samples" : 0,
        "iops_min" : 0,
        "iops_max" : 0,
        "iops_mean" : 0.000000,
        "iops_stddev" : 0.000000,
        "iops_samples" : 0
      },
      "trim" : {
        "io_bytes" : 0,
        "io_kbytes" : 0,
        "bw_bytes" : 0,
        "bw" : 0,
        "iops" : 0.000000,
        "runtime" : 0,
        "total_ios" : 0,
        "short_ios" : 0,
        "drop_ios" : 0,
        "slat_ns" : {
          "min" : 0,
          "max" : 0,
          "mean" : 0.000000,
          "stddev" : 0.000000
        },
        "clat_ns" : {
          "min" : 0,
          "max" : 0,
          "mean" : 0.000000,
          "stddev" : 0.000000,
          "percentile" : {
            "1.000000" : 0,
            "5.000000" : 0,
            "10.000000" : 0,
            "20.000000" : 0,
            "30.000000" : 0,
            "40.000000" : 0,
            "50.000000" : 0,
            "60.000000" : 0,
            "70.000000" : 0,
            "80.000000" : 0,
            "90.000000" : 0,
            "95.000000" : 0,
            "99.000000" : 0,
            "99.500000" : 0,
            "99.900000" : 0,
            "99.950000" : 0,
            "99.990000" : 0
          }
        },
        "lat_ns" : {
          "min" : 0,
          "max" : 0,
          "mean" : 0.000000,
          "stddev" : 0.000000
        },
        "bw_min" : 0,
        "bw_max" : 0,
        "bw_agg" : 0.000000,
        "bw_mean" : 0.000000,
        "bw_dev" : 0.000000,
        "bw_samples" : 0,
        "iops_min" : 0,
        "iops_max" : 0,
        "iops_mean" : 0.000000,
        "iops_stddev" : 0.000000,
        "iops_samples" : 0
      },
      "sync" : {
        "lat_ns" : {
          "min" : 0,
          "max" : 0,
          "mean" : 0.000000,
          "stddev" : 0.000000,
          "percentile" : {
            "1.000000" : 0,
            "5.000000" : 0,
            "10.000000" : 0,
            "20.000000" : 0,
            "30.000000" : 0,
            "40.000000" : 0,
            "50.000000" : 0,
            "60.000000" : 0,
            "70.000000" : 0,
            "80.000000" : 0,
            "90.000000" : 0,
            "95.000000" : 0,
            "99.000000" : 0,
            "99.500000" : 0,
            "99.900000" : 0,
            "99.950000" : 0,
            "99.990000" : 0
          }
        },
        "total_ios" : 0
      },
      "job_runtime" : 390,
      "usr_cpu" : 10.769231,
      "sys_cpu" : 30.769231,
      "ctx" : 3140,
      "majf" : 0,
      "minf" : 12,
      "iodepth_level" : {
        "1" : 0.100000,
        "2" : 0.100000,
        "4" : 0.100000,
        "8" : 0.100000,
        "16" : 0.100000,
        "32" : 0.195312,
        ">=64" : 99.615479
      },
      "iodepth_submit" : {
        "0" : 0.000000,
        "4" : 100.000000,
        "8" : 0.000000,
        "16" : 0.000000,
        "32" : 0.000000,
        "64" : 0.000000,
        ">=64" : 0.000000
      },
      "iodepth_complete" : {
        "0" : 0.000000,
        "4" : 99.993800,
        "8" : 0.000000,
        "16" : 0.000000,
        "32" : 0.000000,
        "64" : 0.000000,
        ">=64" : 0.100000
      },
      "latency_ns" : {
        "2" : 0.000000,
        "4" : 0.000000,
        "10" : 0.000000,
        "20" : 0.000000,
        "50" : 0.000000,
        "100" : 0.000000,
        "250" : 0.000000,
        "500" : 0.000000,
        "750" : 0.000000,
        "1000" : 0.000000
      },
      "latency_us" : {
        "2" : 0.000000,
        "4" : 0.000000,
        "10" : 0.000000,
        "20" : 0.000000,
        "50" : 0.000000,
        "100" : 0.000000,
        "250" : 0.091553,
        "500" : 0.402832,
        "750" : 0.341797,
        "1000" : 0.134277
      },
      "latency_ms" : {
        "2" : 0.811768,
        "4" : 41.870117,
        "10" : 50.885010,
        "20" : 4.132080,
        "50" : 1.330566,
        "100" : 0.000000,
        "250" : 0.000000,
        "500" : 0.000000,
        "750" : 0.000000,
        "1000" : 0.000000,
        "2000" : 0.000000,
        ">=2000" : 0.000000
      },
      "latency_depth" : 256,
      "latency_target" : 0,
      "latency_percentile" : 100.000000,
      "latency_window" : 0
    }
  ],
  "disk_util" : [
    {
      "name" : "nvme0n1",