{
  "fio version" : "fio-3.16",
  "timestamp" : 1698259055,
  "timestamp_ms" : 1698259055338,
  "time" : "Wed Oct 25 14:37:35 2023",
  "global options" : {
    "bs" : "256k",
    "iodepth" : "256",
    "rwmixread" : "70"
  },
  "jobs" : [
    {
      "jobname" : "Job1",
      "groupid" : 0,
      "error" : 0,
      "eta" : 2147483647,
      "elapsed" : 1,
      "job options" : {
        "ioengine" : "libaio",
        "numjobs" : "1",
        "direct" : "1",
        "fsync" : "0",
        "rw" : "randrw",
        "size" : "512m",
        "filename" : "/dev/nvme0n1p5"
      },
      "read" : {
        "io_bytes" : 373817344,
        "io_kbytes" : 365056,
        "bw_bytes" : 1102706029,
        "bw" : 1076861,
        "iops" : 4206.489676,
        "runtime" : 339,
        "total_ios" : 1426,
        "short_ios" : 0,
        "drop_ios" : 0,
        "slat_ns" : {
          "min" : 4594,
          "max" : 96967,
          "mean" : 30890.057504,
          "stddev" : 16571.826840
        },
        "clat_ns" : {
          "min" : 2739911,
          "max" : 88662400,
          "mean" : 43655735.496494,
          "stddev" : 15568730.545016,
          "percentile" : {
            "1.000000" : 5341184,
            "5.000000" : 17170432,
            "10.000000" : 23724032,
            "20.000000" : 30015488,
            "30.000000" : 40108032,
            "40.000000" : 41156608,
            "50.000000" : 42205184,
            "60.000000" : 46399488,
            "70.000000" : 51118080,
            "80.000000" : 57409536,
            "90.000000" : 59506688,
            "95.000000" : 67633152,
            "99.000000" : 85458944,
            "99.500000" : 87556096,
            "99.900000" : 88604672,
            "99.950000" : 88604672,
            "99.990000" : 88604672
          }
        },
        "lat_ns" : {
          "min" : 2759758,
          "max" : 88690918,
          "mean" : 43687068.966339,
          "stddev" : 15574979.512361
        },
        "bw_min" : 0,
        "bw_max" : 0,
        "bw_agg" : 0.000000,
        "bw_mean" : 0.000000,
        "bw_dev" : 0.000000,
        "bw_samples" : 0,
        "iops_min" : 0,
        "iops_max" : 0,
        "iops_mean" : 0.000000,
        "iops_stddev" : 0.000000,
        "iops_samples" : 0
      },
      "write" : {
        "io_bytes" : 163053568,
        "io_kbytes" : 159232,
        "bw_bytes" : 480983976,
        "bw" : 469710,
        "iops" : 1834.808260,
        "runtime" : 339,
        "total_ios" : 622,
        "short_ios" : 0,
        "drop_ios" : 0,
        "slat_ns" : {
          "min" : 7873,
          "max" : 121430,
          "mean" : 48909.434084,
          "stddev" : 20572.302598
        },
        "clat_ns" : {
          "min" : 2575128,
          "max" : 83959349,
          "mean" : 38211052.991961,
          "stddev" : 15298228.648978,
          "percentile" : {
            "1.000000" : 2670592,
            "5.000000" : 11862016,
            "10.000000" : 18743296,
            "20.000000" : 24248320,
            "30.000000" : 34865152,
            "40.000000" : 35913728,
            "50.000000" : 36962304,
            "60.000000" : 41680896,
            "70.000000" : 45875200,
            "80.000000" : 52690944,
            "90.000000" : 54788096,
            "95.000000" : 60555264,
            "99.000000" : 80216064,
            "99.500000" : 81264640,
            "99.900000" : 84410368,
            "99.950000" : 84410368,
            "99.990000" : 84410368
          }
        },
        "lat_ns" : {
          "min" : 2607046,
          "max" : 84013891,
          "mean" : 38260440.728296,
          "stddev" : 15306590.951023
        },
        "bw_min" : 0,
        "bw_max" : 0,
        "bw_agg" : 0.000000,
        "bw_mean" : 0.000000,
        "bw_dev" : 0.000000,
        "bw_samples" : 0,
        "iops_min" : 0,
        "iops_max" : 0,
        "iops_mean" : 0.000000,
        "iops_stddev" : 0.000000,
        "iops_samples" : 0
      },
      "trim" : {
        "io_bytes" : 0,
        "io_kbytes" : 0,
        "bw_bytes" : 0,
        "bw" : 0,
        "iops" : 0.000000,
        "runtime" : 0,
        "total_ios" : 0,
        "short_ios" : 0,
        "drop_ios" : 0,
        "slat_ns" : {
          "min" : 0,
          "max" : 0,
          "mean" : 0.000000,
          "stddev" : 0.000000
        },
        "clat_ns" : {
          "min" : 0,
          "max" : 0,
          "mean" : 0.000000,
          "stddev" : 0.000000,
          "percentile" : {
            "1.000000" : 0,
            "5.000000" : 0,
            "10.000000" : 0,
            "20.000000" : 0,
            "30.000000" : 0,
            "40.000000" : 0,
            "50.000000" : 0,
            "60.000000" : 0,
            "70.000000" : 0,
            "80.000000" : 0,
            "90.000000" : 0,
            "95.000000" : 0,
            "99.000000" : 0,
            "99.500000" : 0,
            "99.900000" : 0,
            "99.950000" : 0,
            "99.990000" : 0
          }
        },
        "lat_ns" : {
          "min" : 0,
          "max" : 0,
          "mean" : 0.000000,
          "stddev" : 0.000000
        },
        "bw_min" : 0,
        "bw_max" : 0,
        "bw_agg" : 0.000000,
        "bw_mean" : 0.000000,
        "bw_dev" : 0.000000,
        "bw_samples" : 0,
        "iops_min" : 0,
        "iops_max" : 0,
        "iops_mean" : 0.000000,
        "iops_stddev" : 0.000000,
        "iops_samples" : 0
      },
      "sync" : {
        "lat_ns" : {
          "min" : 0,
          "max" : 0,
          "mean" : 0.000000,
          "stddev" : 0.000000,
          "percentile" : {
            "1.000000" : 0,
            "5.000000" : 0,
            "10.000000" : 0,
            "20.000000" : 0,
            "30.000000" : 0,
            "40.000000" : 0,
            "50.000000" : 0,
            "60.000000" : 0,
            "70.000000" : 0,
            "80.000000" : 0,
            "90.000000" : 0,
            "95.000000" : 0,
            "99.000000" : 0,
            "99.500000" : 0,
            "99.900000" : 0,
            "99.950000" : 0,
            "99.990000" : 0
          }
        },
        "total_ios" : 0
      },
      "job_runtime" : 338,
      "usr_cpu" : 15.976331,
      "sys_cpu" : 16.272189,
      "ctx" : 959,
      "majf" : 0,
      "minf" : 12,
      "iodepth_level" : {
        "1" : 0.100000,
        "2" : 0.100000,
        "4" : 0.195312,
        "8" : 0.390625,
        "16" : 0.781250,
        "32" : 1.562500,
        ">=64" : 96.923828
      },
      "iodepth_submit" : {
        "0" : 0.000000,
        "4" : 100.000000,
        "8" : 0.000000,
        "16" : 0.000000,
        "32" : 0.000000,
        "64" : 0.000000,
        ">=64" : 0.000000
      },
      "iodepth_complete" : {
        "0" : 0.000000,
        "4" : 99.944259,
        "8" : 0.000000,
        "16" : 0.000000,
        "32" : 0.000000,
        "64" : 0.000000,
        ">=64" : 0.100000
      },
      "latency_ns" : {
        "2" : 0.000000,
        "4" : 0.000000,
        "10" : 0.000000,
        "20" : 0.000000,
        "50" : 0.000000,
        "100" : 0.000000,
        "250" : 0.000000,
        "500" : 0.000000,
        "750" : 0.000000,
        "1000" : 0.000000
      },
      "latency_us" : {
        "2" : 0.000000,
        "4" : 0.000000,
        "10" : 0.000000,
        "20" : 0.000000,
        "50" : 0.000000,
        "100" : 0.000000,
        "250" : 0.000000,
        "500" : 0.000000,
        "750" : 0.000000,
        "1000" : 0.000000
      },
      "latency_ms" : {
        "2" : 0.000000,
        "4" : 1.269531,
        "10" : 1.757812,
        "20" : 5.419922,
        "50" : 61.816406,
        "100" : 29.736328,
        "250" : 0.000000,
        "500" : 0.000000,
        "750" : 0.000000,
        "1000" : 0.000000,
        "2000" : 0.000000,
        ">=2000" : 0.000000
      },
      "latency_depth" : 256,
      "latency_target" : 0,
      "latency_percentile" : 100.000000,
      "latency_window" : 0
    }
  ],