{
  "fio version" : "fio-3.16",
  "timestamp" : 1698259020,
  "timestamp_ms" : 1698259020931,
  "time" : "Wed Oct 25 14:37:00 2023",
  "global options" : {
    "bs" : "32k",
    "iodepth" : "1024",
    "rwmixread" : "70"
  },
  "jobs" : [
    {
      "jobname" : "Job1",
      "groupid" : 0,
      "error" : 0,
      "eta" : 2147483647,
      "elapsed" : 1,
      "job options" : {
        "ioengine" : "libaio",
        "numjobs" : "1",
        "direct" : "1",
        "fsync" : "0",
        "rw" : "randrw",
        "size" : "512m",
        "filename" : "/dev/nvme0n1p5"
      },
      "read" : {
        "io_bytes" : 375422976,
        "io_kbytes" : 366624,
        "bw_bytes" : 1009201548,
        "bw" : 985548,
        "iops" : 30798.387097,
        "runtime" : 372,
        "total_ios" : 11457,
        "short_ios" : 0,
        "drop_ios" : 0,
        "slat_ns" : {
          "min" : 1649,
          "max" : 753476,
          "mean" : 16591.954176,
          "stddev" : 64595.265020
        },
        "clat_ns" : {
          "min" : 3482454,
          "max" : 45669771,
          "mean" : 24175139.163481,
          "stddev" : 6780817.224946,
          "percentile" : {
            "1.000000" : 4816896,
            "5.000000" : 7110656,
            "10.000000" : 13565952,
            "20.000000" : 23724032,
            "30.000000" : 23986176,
            "40.000000" : 24248320,
            "50.000000" : 24510464,
            "60.000000" : 25034752,
            "70.000000" : 25559040,
            "80.000000" : 27131904,
            "90.000000" : 30801920,
            "95.000000" : 34340864,
            "99.000000" : 42205184,
            "99.500000" : 43778048,
            "99.900000" : 45350912,
            "99.950000" : 45350912,
            "99.990000" : 45350912
          }
        },
        "lat_ns" : {
          "min" : 3485808,
          "max" : 45672190,
          "mean" : 24191810.792441,
          "stddev" : 6784485.451891
        },
        "bw_min" : 0,
        "bw_max" : 0,
        "bw_agg" : 0.000000,
        "bw_mean" : 0.000000,
        "bw_dev" : 0.000000,
        "bw_samples" : 0,
        "iops_min" : 0,
        "iops_max" : 0,
        "iops_mean" : 0.000000,
        "iops_stddev" : 0.000000,
        "iops_samples" : 0
      },
      "write" : {
        "io_bytes" : 161447936,
        "io_kbytes" : 157664,
        "bw_bytes" : 433999827,
        "bw" : 423827,
        "iops" : 13244.623656,
        "runtime" : 372,
        "total_ios" : 4927,
        "short_ios" : 0,
        "drop_ios" : 0,
        "slat_ns" : {
          "min" : 2271,
          "max" : 722955,
          "mean" : 18092.795616,
          "stddev" : 66172.679442
        },
        "clat_ns" : {
          "min" : 223833,
          "max" : 42018142,
          "mean" : 20423613.777146,
          "stddev" : 6651787.189863,
          "percentile" : {
            "1.000000" : 1286144,
            "5.000000" : 4685824,
            "10.000000" : 9633792,
            "20.000000" : 20054016,
            "30.000000" : 20578304,
            "40.000000" : 20840448,
            "50.000000" : 20840448,
            "60.000000" : 21102592,
            "70.000000" : 21364736,
            "80.000000" : 22675456,
            "90.000000" : 27131904,
            "95.000000" : 31064064,
            "99.000000" : 38535168,
            "99.500000" : 40108032,
            "99.900000" : 41156608,
            "99.950000" : 42205184,
            "99.990000" : 42205184
          }
        },
        "lat_ns" : {
          "min" : 228655,
          "max" : 42022101,
          "mean" : 20441792.364928,
          "stddev" : 6656112.483181
        },
        "bw_min" : 0,
        "bw_max" : 0,
        "bw_agg" : 0.000000,
        "bw_mean" : 0.000000,
        "bw_dev" : 0.000000,
        "bw_samples" : 0,
        "iops_min" : 0,
        "iops_max" : 0,
        "iops_mean" : 0.000000,
        "iops_stddev" : 0.000000,
        "iops_samples" : 0
      },
      "trim" : {
        "io_bytes" : 0,
        "io_kbytes" : 0,
        "bw_bytes" : 0,
        "bw" : 0,
        "iops" : 0.000000,
        "runtime" : 0,
        "total_ios" : 0,
        "short_ios" : 0,
        "drop_ios" : 0,
        "slat_ns" : {
          "min" : 0,
          "max" : 0,
          "mean" : 0.000000,
          "stddev" : 0.000000
        },
        "clat_ns" : {
          "min" : 0,
          "max" : 0,
          "mean" : 0.000000,
          "stddev" : 0.000000,
          "percentile" : {
            "1.000000" : 0,
            "5.000000" : 0,
            "10.000000" : 0,
            "20.000000" : 0,
            "30.000000" : 0,
            "40.000000" : 0,
            "50.000000" : 0,
            "60.000000" : 0,
            "70.000000" : 0,
            "80.000000" : 0,
            "90.000000" : 0,
            "95.000000" : 0,
            "99.000000" : 0,
            "99.500000" : 0,
            "99.900000" : 0,
            "99.950000" : 0,
            "99.990000" : 0
          }
        },
        "lat_ns" : {
          "min" : 0,
          "max" : 0,
          "mean" : 0.000000,
          "stddev" : 0.000000
        },
        "bw_min" : 0,
        "bw_max" : 0,
        "bw_agg" : 0.000000,
        "bw_mean" : 0.000000,
        "bw_dev" : 0.000000,
        "bw_samples" : 0,
        "iops_min" : 0,
        "iops_max" : 0,
        "iops_mean" : 0.000000,
        "iops_stddev" : 0.000000,
        "iops_samples" : 0
      },
      "sync" : {
        "lat_ns" : {
          "min" : 0,
          "max" : 0,
          "mean" : 0.000000,
          "stddev" : 0.000000,
          "percentile" : {
            "1.000000" : 0,
            "5.000000" : 0,
            "10.000000" : 0,
            "20.000000" : 0,
            "30.000000" : 0,
            "40.000000" : 0,
            "50.000000" : 0,
            "60.000000" : 0,
            "70.000000" : 0,
            "80.000000" : 0,
            "90.000000" : 0,
            "95.000000" : 0,
            "99.000000" : 0,
            "99.500000" : 0,
            "99.900000" : 0,
            "99.950000" : 0,
            "99.990000" : 0
          }
        },
        "total_ios" : 0
      },
      "job_runtime" : 371,
      "usr_cpu" : 4.582210,
      "sys_cpu" : 17.520216,
      "ctx" : 3542,
      "majf" : 0,
      "minf" : 12,
      "iodepth_level" : {
        "1" : 0.100000,
        "2" : 0.100000,
        "4" : 0.100000,
        "8" : 0.100000,
        "16" : 0.100000,
        "32" : 0.195312,
        ">=64" : 99.615479
      },
      "iodepth_submit" : {
        "0" : 0.000000,
        "4" : 100.000000,
        "8" : 0.000000,
        "16" : 0.000000,
        "32" : 0.000000,
        "64" : 0.000000,
        ">=64" : 0.000000
      },
      "iodepth_complete" : {
        "0" : 0.000000,
        "4" : 99.993490,
        "8" : 0.000000,
        "16" : 0.000000,
        "32" : 0.000000,
        "64" : 0.000000,
        ">=64" : 0.100000
      },
      "latency_ns" : {
        "2" : 0.000000,
        "4" : 0.000000,
        "10" : 0.000000,
        "20" : 0.000000,
        "50" : 0.000000,
        "100" : 0.000000,
        "250" : 0.000000,
        "500" : 0.000000,
        "750" : 0.000000,
        "1000" : 0.000000
      },
      "latency_us" : {
        "2" : 0.000000,
        "4" : 0.000000,
        "10" : 0.000000,
        "20" : 0.000000,
        "50" : 0.000000,
        "100" : 0.000000,
        "250" : 0.024414,
        "500" : 0.079346,
        "750" : 0.085449,
        "1000" : 0.054932
      },
      "latency_ms" : {
        "2" : 0.311279,
        "4" : 0.677490,
        "10" : 7.305908,
        "20" : 5.853271,
        "50" : 85.607910,
        "100" : 0.000000,
        "250" : 0.000000,
        "500" : 0.000000,
        "750" : 0.000000,
        "1000" : 0.000000,
        "2000" : 0.000000,
        ">=2000" : 0.000000
      },
      "latency_depth" : 1024,
      "latency_target" : 0,
      "latency_percentile" : 100.000000,
      "latency_window" : 0
    }
  ],