{
  "fio version" : "fio-3.16",
  "timestamp" : 1698258990,
  "timestamp_ms" : 1698258990269,
  "time" : "Wed Oct 25 14:36:30 2023",
  "global options" : {
    "bs" : "16k",
    "iodepth" : "32",
    "rwmixread" : "70"
  },
  "jobs" : [
    {
      "jobname" : "Job1",
      "groupid" : 0,
      "error" : 0,
      "eta" : 2147483647,
      "elapsed" : 1,
      "job options" : {
        "ioengine" : "libaio",
        "numjobs" : "1",
        "direct" : "1",
        "fsync" : "0",
        "rw" : "randrw",
        "size" : "512m",
        "filename" : "/dev/nvme0n1p5"
      },
      "read" : {
        "io_bytes" : 376094720,
        "io_kbytes" : 367280,
        "bw_bytes" : 878725981,
        "bw" : 858130,
        "iops" : 53633.177570,
        "runtime" : 428,
        "total_ios" : 22955,
        "short_ios" : 0,
        "drop_ios" : 0,
        "slat_ns" : {
          "min" : 1432,
          "max" : 66065,
          "mean" : 3778.202091,
          "stddev" : 3300.759008
        },
        "clat_ns" : {
          "min" : 59432,
          "max" : 13819055,
          "mean" : 557711.213287,
          "stddev" : 503799.100199,
          "percentile" : {
            "1.000000" : 101888,
            "5.000000" : 156672,
            "10.000000" : 201728,
            "20.000000" : 288768,
            "30.000000" : 378880,
            "40.000000" : 436224,
            "50.000000" : 489472,
            "60.000000" : 536576,
            "70.000000" : 593920,
            "80.000000" : 700416,
            "90.000000" : 913408,
            "95.000000" : 1155072,
            "99.000000" : 1892352,
            "99.500000" : 2572288,
            "99.900000" : 8978432,
            "99.950000" : 9371648,
            "99.990000" : 13697024
          }
        },
        "lat_ns" : {
          "min" : 61589,
          "max" : 13821559,
          "mean" : 561649.492137,
          "stddev" : 503746.291793
        },
        "bw_min" : 0,
        "bw_max" : 0,
        "bw_agg" : 0.000000,
        "bw_mean" : 0.000000,
        "bw_dev" : 0.000000,
        "bw_samples" : 0,
        "iops_min" : 0,
        "iops_max" : 0,
        "iops_mean" : 0.000000,
        "iops_stddev" : 0.000000,
        "iops_samples" : 0
      },
      "write" : {
        "io_bytes" : 160776192,
        "io_kbytes" : 157008,
        "bw_bytes" : 375645308,
        "bw" : 366841,
        "iops" : 22927.570093,
        "runtime" : 428,
        "total_ios" : 9813,
        "short_ios" : 0,
        "drop_ios" : 0,
        "slat_ns" : {
          "min" : 1744,
          "max" : 62538,
          "mean" : 4750.866402,
          "stddev" : 3888.795700
        },
        "clat_ns" : {
          "min" : 13196,
          "max" : 614936,
          "mean" : 70445.805870,
          "stddev" : 95360.477083,
          "percentile" : {
            "1.000000" : 16320,
            "5.000000" : 17280,
            "10.000000" : 18304,
            "20.000000" : 21632,
            "30.000000" : 24448,
            "40.000000" : 27776,
            "50.000000" : 31616,
            "60.000000" : 37120,
            "70.000000" : 46336,
            "80.000000" : 67072,
            "90.000000" : 250880,
            "95.000000" : 325632,
            "99.000000" : 382976,
            "99.500000" : 407552,
            "99.900000" : 561152,
            "99.950000" : 585728,
            "99.990000" : 618496
          }
        },
        "lat_ns" : {
          "min" : 17154,
          "max" : 644186,
          "mean" : 75356.286355,
          "stddev" : 98407.753598
        },
        "bw_min" : 0,
        "bw_max" : 0,
        "bw_agg" : 0.000000,
        "bw_mean" : 0.000000,
        "bw_dev" : 0.000000,
        "bw_samples" : 0,
        "iops_min" : 0,
        "iops_max" : 0,
        "iops_mean" : 0.000000,
        "iops_stddev" : 0.000000,
        "iops_samples" : 0
      },
      "trim" : {
        "io_bytes" : 0,
        "io_kbytes" : 0,
        "bw_bytes" : 0,
        "bw" : 0,
        "iops" : 0.000000,
        "runtime" : 0,
        "total_ios" : 0,
        "short_ios" : 0,
        "drop_ios" : 0,
        "slat_ns" : {
          "min" : 0,
          "max" : 0,
          "mean" : 0.000000,
          "stddev" : 0.000000
        },
        "clat_ns" : {
          "min" : 0,
          "max" : 0,
          "mean" : 0.000000,
          "stddev" : 0.000000,
          "percentile" : {
            "1.000000" : 0,
            "5.000000" : 0,
            "10.000000" : 0,
            "20.000000" : 0,
            "30.000000" : 0,
            "40.000000" : 0,
            "50.000000" : 0,
            "60.000000" : 0,
            "70.000000" : 0,
            "80.000000" : 0,
            "90.000000" : 0,
            "95.000000" : 0,
            "99.000000" : 0,
            "99.500000" : 0,
            "99.900000" : 0,
            "99.950000" : 0,
            "99.990000" : 0
          }
        },
        "lat_ns" : {
          "min" : 0,
          "max" : 0,
          "mean" : 0.000000,
          "stddev" : 0.000000
        },
        "bw_min" : 0,
        "bw_max" : 0,
        "bw_agg" : 0.000000,
        "bw_mean" : 0.000000,
        "bw_dev" : 0.000000,
        "bw_samples" : 0,
        "iops_min" : 0,
        "iops_max" : 0,
        "iops_mean" : 0.000000,
        "iops_stddev" : 0.000000,
        "iops_samples" : 0
      },
      "sync" : {
        "lat_ns" : {
          "min" : 0,
          "max" : 0,
          "mean" : 0.000000,
          "stddev" : 0.000000,
          "percentile" : {
            "1.000000" : 0,
            "5.000000" : 0,
            "10.000000" : 0,
            "20.000000" : 0,
            "30.000000" : 0,
            "40.000000" : 0,
            "50.000000" : 0,
            "60.000000" : 0,
            "70.000000" : 0,
            "80.000000" : 0,
            "90.000000" : 0,
            "95.000000" : 0,
            "99.000000" : 0,
            "99.500000" : 0,
            "99.900000" : 0,
            "99.950000" : 0,
            "99.990000" : 0
          }
        },
        "total_ios" : 0
      },
      "job_runtime" : 427,
      "usr_cpu" : 15.925059,
      "sys_cpu" : 35.831382,
      "ctx" : 10298,
      "majf" : 0,
      "minf" : 12,
      "iodepth_level" : {
        "1" : 0.100000,
        "2" : 0.100000,
        "4" : 0.100000,
        "8" : 0.100000,
        "16" : 0.100000,
        "32" : 99.905396,
        ">=64" : 0.000000
      },
      "iodepth_submit" : {
        "0" : 0.000000,
        "4" : 100.000000,
        "8" : 0.000000,
        "16" : 0.000000,
        "32" : 0.000000,
        "64" : 0.000000,
        ">=64" : 0.000000
      },
      "iodepth_complete" : {
        "0" : 0.000000,
        "4" : 99.996945,
        "8" : 0.000000,
        "16" : 0.000000,
        "32" : 0.100000,
        "64" : 0.000000,
        ">=64" : 0.000000
      },
      "latency_ns" : {
        "2" : 0.000000,
        "4" : 0.000000,
        "10" : 0.000000,
        "20" : 0.000000,
        "50" : 0.000000,
        "100" : 0.000000,
        "250" : 0.000000,
        "500" : 0.000000,
        "750" : 0.000000,
        "1000" : 0.000000
      },
      "latency_us" : {
        "2" : 0.000000,
        "4" : 0.000000,
        "10" : 0.000000,
        "20" : 4.431152,
        "50" : 17.276001,
        "100" : 4.473877,
        "250" : 11.566162,
        "500" : 28.991699,
        "750" : 21.224976,
        "1000" : 6.613159
      },
      "latency_ms" : {
        "2" : 4.830933,
        "4" : 0.292969,
        "10" : 0.289917,
        "20" : 0.010000,
        "50" : 0.000000,
        "100" : 0.000000,
        "250" : 0.000000,
        "500" : 0.000000,
        "750" : 0.000000,
        "1000" : 0.000000,
        "2000" : 0.000000,
        ">=2000" : 0.000000
      },
      "latency_depth" : 32,
      "latency_target" : 0,
      "latency_percentile" : 100.000000,
      "latency_window" : 0
    }
  ],
  "disk_util" : [
    {
      "name" : "nvme0n1",
      "read_ios" : 21248,
      "write_ios" : 9077,
      "read_merges" : 0,