{
  "fio version" : "fio-3.16",
  "timestamp" : 1698258996,
  "timestamp_ms" : 1698258996458,
  "time" : "Wed Oct 25 14:36:36 2023",
  "global options" : {
    "bs" : "16k",
    "iodepth" : "1024",
    "rwmixread" : "50"
  },
  "jobs" : [
    {
      "jobname" : "Job1",
      "groupid" : 0,
      "error" : 0,
      "eta" : 2147483647,
      "elapsed" : 1,
      "job options" : {
        "ioengine" : "libaio",
        "numjobs" : "1",
        "direct" : "1",
        "fsync" : "0",
        "rw" : "randrw",
        "size" : "512m",
        "filename" : "/dev/nvme0n1p5"
      },
      "read" : {
        "io_bytes" : 268533760,
        "io_kbytes" : 262240,
        "bw_bytes" : 615903119,
        "bw" : 601467,
        "iops" : 37591.743119,
        "runtime" : 436,
        "total_ios" : 16390,
        "short_ios" : 0,
        "drop_ios" : 0,
        "slat_ns" : {
          "min" : 1340,
          "max" : 4239016,
          "mean" : 7239.104515,
          "stddev" : 50731.559316
        },
        "clat_ns" : {
          "min" : 2034423,
          "max" : 42787266,
          "mean" : 14970267.406345,
          "stddev" : 5911520.530996,
          "percentile" : {
            "1.000000" : 3489792,
            "5.000000" : 5406720,
            "10.000000" : 7831552,
            "20.000000" : 12648448,
            "30.000000" : 13434880,
            "40.000000" : 13828096,
            "50.000000" : 14221312,
            "60.000000" : 14614528,
            "70.000000" : 15269888,
            "80.000000" : 17432576,
            "90.000000" : 22151168,
            "95.000000" : 25559040,
            "99.000000" : 38010880,
            "99.500000" : 39059456,
            "99.900000" : 41156608,
            "99.950000" : 41680896,
            "99.990000" : 42729472
          }
        },
        "lat_ns" : {
          "min" : 2038681,
          "max" : 43109002,
          "mean" : 14977587.772849,
          "stddev" : 5914520.321028
        },
        "bw_min" : 0,
        "bw_max" : 0,
        "bw_agg" : 0.000000,
        "bw_mean" : 0.000000,
        "bw_dev" : 0.000000,
        "bw_samples" : 0,
        "iops_min" : 0,
        "iops_max" : 0,
        "iops_mean" : 0.000000,
        "iops_stddev" : 0.000000,
        "iops_samples" : 0
      },
      "write" : {
        "io_bytes" : 268337152,
        "io_kbytes" : 262048,
        "bw_bytes" : 615452183,
        "bw" : 601027,
        "iops" : 37564.220183,
        "runtime" : 436,
        "total_ios" : 16378,
        "short_ios" : 0,
        "drop_ios" : 0,
        "slat_ns" : {
          "min" : 1503,
          "max" : 4453548,
          "mean" : 8421.623947,
          "stddev" : 69825.851345
        },
        "clat_ns" : {
          "min" : 231426,
          "max" : 38055497,
          "mean" : 12067377.614422,
          "stddev" : 5677768.616292,
          "percentile" : {
            "1.000000" : 798720,
            "5.000000" : 3588096,
            "10.000000" : 5144576,
            "20.000000" : 9764864,
            "30.000000" : 11075584,
            "40.000000" : 11337728,
            "50.000000" : 11468800,
            "60.000000" : 11730944,
            "70.000000" : 12124160,
            "80.000000" : 13697024,
            "90.000000" : 18743296,
            "95.000000" : 22151168,
            "99.000000" : 34340864,
            "99.500000" : 36438016,
            "99.900000" : 38010880,
            "99.950000" : 38010880,
            "99.990000" : 38010880
          }
        },
        "lat_ns" : {
          "min" : 233869,
          "max" : 38058878,
          "mean" : 12075882.432165,
          "stddev" : 5681864.803855
        },
        "bw_min" : 0,
        "bw_max" : 0,
        "bw_agg" : 0.000000,
        "bw_mean" : 0.000000,
        "bw_dev" : 0.000000,
        "bw_samples" : 0,
        "iops_min" : 0,
        "iops_max" : 0,
        "iops_mean" : 0.000000,
        "iops_stddev" : 0.000000,
        "iops_samples" : 0
      },
      "trim" : {
        "io_bytes" : 0,
        "io_kbytes" : 0,
        "bw_bytes" : 0,
        "bw" : 0,
        "iops" : 0.000000,
        "runtime" : 0,
        "total_ios" : 0,
        "short_ios" : 0,
        "drop_ios" : 0,
        "slat_ns" : {
          "min" : 0,
          "max" : 0,
          "mean" : 0.000000,
          "stddev" : 0.000000
        },
        "clat_ns" : {
          "min" : 0,
          "max" : 0,
          "mean" : 0.000000,
          "stddev" : 0.000000,
          "percentile" : {
            "1.000000" : 0,
            "5.000000" : 0,
            "10.000000" : 0,
            "20.000000" : 0,
            "30.000000" : 0,
            "40.000000" : 0,
            "50.000000" : 0,
            "60.000000" : 0,
            "70.000000" : 0,
            "80.000000" : 0,
            "90.000000" : 0,
            "95.000000" : 0,
            "99.000000" : 0,
            "99.500000" : 0,
            "99.900000" : 0,
            "99.950000" : 0,
            "99.990000" : 0
          }
        },
        "lat_ns" : {
          "min" : 0,
          "max" : 0,
          "mean" : 0.000000,
          "stddev" : 0.000000
        },
        "bw_min" : 0,
        "bw_max" : 0,
        "bw_agg" : 0.000000,
        "bw_mean" : 0.000000,
        "bw_dev" : 0.000000,
        "bw_samples" : 0,
        "iops_min" : 0,
        "iops_max" : 0,
        "iops_mean" : 0.000000,
        "iops_stddev" : 0.000000,
        "iops_samples" : 0
      },
      "sync" : {
        "lat_ns" : {
          "min" : 0,
          "max" : 0,
          "mean" : 0.000000,
          "stddev" : 0.000000,
          "percentile" : {
            "1.000000" : 0,
            "5.000000" : 0,
            "10.000000" : 0,
            "20.000000" : 0,
            "30.000000" : 0,
            "40.000000" : 0,
            "50.000000" : 0,
            "60.000000" : 0,
            "70.000000" : 0,
            "80.000000" : 0,
            "90.000000" : 0,
            "95.000000" : 0,
            "99.000000" : 0,
            "99.500000" : 0,
            "99.900000" : 0,
            "99.950000" : 0,
            "99.990000" : 0
          }
        },
        "total_ios" : 0
      },
      "job_runtime" : 435,
      "usr_cpu" : 11.034483,
      "sys_cpu" : 22.298851,
      "ctx" : 5792,
      "majf" : 0,
      "minf" : 13,
      "iodepth_level" : {
        "1" : 0.100000,
        "2" : 0.100000,
        "4" : 0.100000,
        "8" : 0.100000,
        "16" : 0.100000,
        "32" : 0.100000,
        ">=64" : 99.807739
      },
      "iodepth_submit" : {
        "0" : 0.000000,
        "4" : 100.000000,
        "8" : 0.000000,
        "16" : 0.000000,
        "32" : 0.000000,
        "64" : 0.000000,
        ">=64" : 0.000000
      },
      "iodepth_complete" : {
        "0" : 0.000000,
        "4" : 99.996850,
        "8" : 0.000000,
        "16" : 0.000000,
        "32" : 0.000000,
        "64" : 0.000000,
        ">=64" : 0.100000
      },
      "latency_ns" : {
        "2" : 0.000000,
        "4" : 0.000000,
        "10" : 0.000000,
        "20" : 0.000000,
        "50" : 0.000000,
        "100" : 0.000000,
        "250" : 0.000000,
        "500" : 0.000000,
        "750" : 0.000000,
        "1000" : 0.000000
      },
      "latency_us" : {
        "2" : 0.000000,
        "4" : 0.000000,
        "10" : 0.000000,
        "20" : 0.000000,
        "50" : 0.000000,
        "100" : 0.000000,
        "250" : 0.045776,
        "500" : 0.238037,
        "750" : 0.173950,
        "1000" : 0.094604
      },
      "latency_ms" : {
        "2" : 0.790405,
        "4" : 3.125000,
        "10" : 12.878418,
        "20" : 71.701050,
        "50" : 10.952759,
        "100" : 0.000000,
        "250" : 0.000000,
        "500" : 0.000000,
        "750" : 0.000000,
        "1000" : 0.000000,
        "2000" : 0.000000,
        ">=2000" : 0.000000
      },
      "latency_depth" : 1024,
      "latency_target" : 0,
      "latency_percentile" : 100.000000,
      "latency_window" : 0
    }
  ],