{
  "fio version" : "fio-3.16",
  "timestamp" : 1698258961,
  "timestamp_ms" : 1698258961227,
  "time" : "Wed Oct 25 14:36:01 2023",
  "global options" : {
    "bs" : "4k",
    "iodepth" : "32",
    "rwmixread" : "70"
  },
  "jobs" : [
    {
      "jobname" : "Job1",
      "groupid" : 0,
      "error" : 0,
      "eta" : 2147483647,
      "elapsed" : 1,
      "job options" : {
        "ioengine" : "libaio",
        "numjobs" : "1",
        "direct" : "1",
        "fsync" : "0",
        "rw" : "randrw",
        "size" : "512m",
        "filename" : "/dev/nvme0n1p5"
      },
      "read" : {
        "io_bytes" : 376127488,
        "io_kbytes" : 367312,
        "bw_bytes" : 605680334,
        "bw" : 591484,
        "iops" : 147871.175523,
        "runtime" : 621,
        "total_ios" : 91828,
        "short_ios" : 0,
        "drop_ios" : 0,
        "slat_ns" : {
          "min" : 820,
          "max" : 52855,
          "mean" : 1448.810254,
          "stddev" : 1524.572225
        },
        "clat_ns" : {
          "min" : 26726,
          "max" : 953936,
          "mean" : 199786.668707,
          "stddev" : 124748.083279,
          "percentile" : {
            "1.000000" : 43776,
            "5.000000" : 63744,
            "10.000000" : 71168,
            "20.000000" : 91648,
            "30.000000" : 113152,
            "40.000000" : 136192,
            "50.000000" : 160768,
            "60.000000" : 191488,
            "70.000000" : 242688,
            "80.000000" : 317440,
            "90.000000" : 382976,
            "95.000000" : 436224,
            "99.000000" : 552960,
            "99.500000" : 610304,
            "99.900000" : 749568,
            "99.950000" : 790528,
            "99.990000" : 847872
          }
        },
        "lat_ns" : {
          "min" : 28651,
          "max" : 954941,
          "mean" : 201315.492039,
          "stddev" : 124909.846319
        },
        "bw_min" : 587240,
        "bw_max" : 587240,
        "bw_agg" : 99.282483,
        "bw_mean" : 587240.000000,
        "bw_dev" : 0.000000,
        "bw_samples" : 1,
        "iops_min" : 146810,
        "iops_max" : 146810,
        "iops_mean" : 146810.000000,
        "iops_stddev" : 0.000000,
        "iops_samples" : 1
      },
      "write" : {
        "io_bytes" : 160743424,
        "io_kbytes" : 156976,
        "bw_bytes" : 258846093,
        "bw" : 252779,
        "iops" : 63194.847021,
        "runtime" : 621,
        "total_ios" : 39244,
        "short_ios" : 0,
        "drop_ios" : 0,
        "slat_ns" : {
          "min" : 858,
          "max" : 88127,
          "mean" : 1684.077795,
          "stddev" : 1806.343874
        },
        "clat_ns" : {
          "min" : 8798,
          "max" : 495446,
          "mean" : 31475.187570,
          "stddev" : 42749.980267,
          "percentile" : {
            "1.000000" : 11072,
            "5.000000" : 11968,
            "10.000000" : 13120,
            "20.000000" : 15296,
            "30.000000" : 17280,
            "40.000000" : 19072,
            "50.000000" : 21120,
            "60.000000" : 23680,
            "70.000000" : 27008,
            "80.000000" : 32640,
            "90.000000" : 46848,
            "95.000000" : 68096,
            "99.000000" : 301056,
            "99.500000" : 317440,
            "99.900000" : 378880,
            "99.950000" : 411648,
            "99.990000" : 460800
          }
        },
        "lat_ns" : {
          "min" : 10948,
          "max" : 524642,
          "mean" : 33238.915681,
          "stddev" : 43785.574965
        },
        "bw_min" : 250392,
        "bw_max" : 250392,
        "bw_agg" : 99.055697,
        "bw_mean" : 250392.000000,
        "bw_dev" : 0.000000,
        "bw_samples" : 1,
        "iops_min" : 62598,
        "iops_max" : 62598,
        "iops_mean" : 62598.000000,
        "iops_stddev" : 0.000000,
        "iops_samples" : 1
      },
      "trim" : {
        "io_bytes" : 0,
        "io_kbytes" : 0,
        "bw_bytes" : 0,
        "bw" : 0,
        "iops" : 0.000000,
        "runtime" : 0,
        "total_ios" : 0,
        "short_ios" : 0,
        "drop_ios" : 0,
        "slat_ns" : {
          "min" : 0,
          "max" : 0,
          "mean" : 0.000000,
          "stddev" : 0.000000
        },
        "clat_ns" : {
          "min" : 0,
          "max" : 0,
          "mean" : 0.000000,
          "stddev" : 0.000000,
          "percentile" : {
            "1.000000" : 0,
            "5.000000" : 0,
            "10.000000" : 0,
            "20.000000" : 0,
            "30.000000" : 0,
            "40.000000" : 0,
            "50.000000" : 0,
            "60.000000" : 0,
            "70.000000" : 0,
            "80.000000" : 0,
            "90.000000" : 0,
            "95.000000" : 0,
            "99.000000" : 0,
            "99.500000" : 0,
            "99.900000" : 0,
            "99.950000" : 0,
            "99.990000" : 0
          }
        },
        "lat_ns" : {
          "min" : 0,
          "max" : 0,
          "mean" : 0.000000,
          "stddev" : 0.000000
        },
        "bw_min" : 0,
        "bw_max" : 0,
        "bw_agg" : 0.000000,
        "bw_mean" : 0.000000,
        "bw_dev" : 0.000000,
        "bw_samples" : 0,
        "iops_min" : 0,
        "iops_max" : 0,
        "iops_mean" : 0.000000,
        "iops_stddev" : 0.000000,
        "iops_samples" : 0
      },
      "sync" : {
        "lat_ns" : {
          "min" : 0,
          "max" : 0,
          "mean" : 0.000000,
          "stddev" : 0.000000,
          "percentile" : {
            "1.000000" : 0,
            "5.000000" : 0,
            "10.000000" : 0,
            "20.000000" : 0,
            "30.000000" : 0,
            "40.000000" : 0,
            "50.000000" : 0,
            "60.000000" : 0,
            "70.000000" : 0,
            "80.000000" : 0,
            "90.000000" : 0,
            "95.000000" : 0,
            "99.000000" : 0,
            "99.500000" : 0,
            "99.900000" : 0,
            "99.950000" : 0,
            "99.990000" : 0
          }
        },
        "total_ios" : 0
      },
      "job_runtime" : 620,
      "usr_cpu" : 20.806452,
      "sys_cpu" : 40.161290,
      "ctx" : 29666,
      "majf" : 0,
      "minf" : 12,
      "iodepth_level" : {
        "1" : 0.100000,
        "2" : 0.100000,
        "4" : 0.100000,
        "8" : 0.100000,
        "16" : 0.100000,
        "32" : 99.976349,
        ">=64" : 0.000000
      },
      "iodepth_submit" : {
        "0" : 0.000000,
        "4" : 100.000000,
        "8" : 0.000000,
        "16" : 0.000000,
        "32" : 0.000000,
        "64" : 0.000000,
        ">=64" : 0.000000
      },
      "iodepth_complete" : {
        "0" : 0.000000,
        "4" : 99.999237,
        "8" : 0.000000,
        "16" : 0.000000,
        "32" : 0.100000,
        "64" : 0.000000,
        ">=64" : 0.000000
      },
      "latency_ns" : {
        "2" : 0.000000,
        "4" : 0.000000,
        "10" : 0.000000,
        "20" : 0.000000,
        "50" : 0.000000,
        "100" : 0.000000,
        "250" : 0.000000,
        "500" : 0.000000,
        "750" : 0.000000,
        "1000" : 0.000000
      },
      "latency_us" : {
        "2" : 0.000000,
        "4" : 0.000000,
        "10" : 0.019836,
        "20" : 13.236237,
        "50" : 15.290070,
        "100" : 16.895294,
        "250" : 33.707428,
        "500" : 19.406128,
        "750" : 1.374817,
        "1000" : 0.070190
      },
      "latency_ms" : {
        "2" : 0.000000,
        "4" : 0.000000,
        "10" : 0.000000,
        "20" : 0.000000,
        "50" : 0.000000,
        "100" : 0.000000,
        "250" : 0.000000,
        "500" : 0.000000,
        "750" : 0.000000,
        "1000" : 0.000000,
        "2000" : 0.000000,
        ">=2000" : 0.000000
      },
      "latency_depth" : 32,
      "latency_target" : 0,
      "latency_percentile" : 100.000000,
      "latency_window" : 0
    }
  ],
  "disk_util" : [
    {
      "name" : "nvme0n1",
      "read_ios" : 57640,