{
  "fio version" : "fio-3.16",
  "timestamp" : 1698259043,
  "timestamp_ms" : 1698259043838,
  "time" : "Wed Oct 25 14:37:23 2023",
  "global options" : {
    "bs" : "256k",
    "iodepth" : "1",
    "rwmixread" : "50"
  },
  "jobs" : [
    {
      "jobname" : "Job1",
      "groupid" : 0,
      "error" : 0,
      "eta" : 2147483647,
      "elapsed" : 1,
      "job options" : {
        "ioengine" : "libaio",
        "numjobs" : "1",
        "direct" : "1",
        "fsync" : "0",
        "rw" : "randrw",
        "size" : "512m",
        "filename" : "/dev/nvme0n1p5"
      },
      "read" : {
        "io_bytes" : 260571136,
        "io_kbytes" : 254464,
        "bw_bytes" : 406507232,
        "bw" : 396979,
        "iops" : 1550.702028,
        "runtime" : 641,
        "total_ios" : 994,
        "short_ios" : 0,
        "drop_ios" : 0,
        "slat_ns" : {
          "min" : 22844,
          "max" : 75288,
          "mean" : 40738.060362,
          "stddev" : 12017.164991
        },
        "clat_ns" : {
          "min" : 131429,
          "max" : 5364781,
          "mean" : 332012.191147,
          "stddev" : 266252.600339,
          "percentile" : {
            "1.000000" : 138240,
            "5.000000" : 166912,
            "10.000000" : 193536,
            "20.000000" : 228352,
            "30.000000" : 252928,
            "40.000000" : 284672,
            "50.000000" : 317440,
            "60.000000" : 342016,
            "70.000000" : 370688,
            "80.000000" : 391168,
            "90.000000" : 456704,
            "95.000000" : 501760,
            "99.000000" : 610304,
            "99.500000" : 643072,
            "99.900000" : 5341184,
            "99.950000" : 5341184,
            "99.990000" : 5341184
          }
        },
        "lat_ns" : {
          "min" : 155227,
          "max" : 5406611,
          "mean" : 373720.981891,
          "stddev" : 266678.941307
        },
        "bw_min" : 398848,
        "bw_max" : 398848,
        "bw_agg" : 100.000000,
        "bw_mean" : 398848.000000,
        "bw_dev" : 0.000000,
        "bw_samples" : 1,
        "iops_min" : 1558,
        "iops_max" : 1558,
        "iops_mean" : 1558.000000,
        "iops_stddev" : 0.000000,
        "iops_samples" : 1
      },
      "write" : {
        "io_bytes" : 276299776,
        "io_kbytes" : 269824,
        "bw_bytes" : 431044892,
        "bw" : 420942,
        "iops" : 1644.305772,
        "runtime" : 641,
        "total_ios" : 1054,
        "short_ios" : 0,
        "drop_ios" : 0,
        "slat_ns" : {
          "min" : 31863,
          "max" : 119500,
          "mean" : 58535.736243,
          "stddev" : 12954.097428
        },
        "clat_ns" : {
          "min" : 109262,
          "max" : 2319280,
          "mean" : 181513.049336,
          "stddev" : 83354.810026,
          "percentile" : {
            "1.000000" : 110080,
            "5.000000" : 113152,
            "10.000000" : 122368,
            "20.000000" : 128512,
            "30.000000" : 140288,
            "40.000000" : 160768,
            "50.000000" : 189440,
            "60.000000" : 197632,
            "70.000000" : 201728,
            "80.000000" : 207872,
            "90.000000" : 230400,
            "95.000000" : 317440,
            "99.000000" : 337920,
            "99.500000" : 342016,
            "99.900000" : 346112,
            "99.950000" : 2310144,
            "99.990000" : 2310144
          }
        },
        "lat_ns" : {
          "min" : 144729,
          "max" : 2375920,
          "mean" : 241070.548387,
          "stddev" : 88091.459165
        },
        "bw_min" : 414208,
        "bw_max" : 414208,
        "bw_agg" : 98.400255,
        "bw_mean" : 414208.000000,
        "bw_dev" : 0.000000,
        "bw_samples" : 1,
        "iops_min" : 1618,
        "iops_max" : 1618,
        "iops_mean" : 1618.000000,
        "iops_stddev" : 0.000000,
        "iops_samples" : 1
      },
      "trim" : {
        "io_bytes" : 0,
        "io_kbytes" : 0,
        "bw_bytes" : 0,
        "bw" : 0,
        "iops" : 0.000000,
        "runtime" : 0,
        "total_ios" : 0,
        "short_ios" : 0,
        "drop_ios" : 0,
        "slat_ns" : {
          "min" : 0,
          "max" : 0,
          "mean" : 0.000000,
          "stddev" : 0.000000
        },
        "clat_ns" : {
          "min" : 0,
          "max" : 0,
          "mean" : 0.000000,
          "stddev" : 0.000000,
          "percentile" : {
            "1.000000" : 0,
            "5.000000" : 0,
            "10.000000" : 0,
            "20.000000" : 0,
            "30.000000" : 0,
            "40.000000" : 0,
            "50.000000" : 0,
            "60.000000" : 0,
            "70.000000" : 0,
            "80.000000" : 0,
            "90.000000" : 0,
            "95.000000" : 0,
            "99.000000" : 0,
            "99.500000" : 0,
            "99.900000" : 0,
            "99.950000" : 0,
            "99.990000" : 0
          }
        },
        "lat_ns" : {
          "min" : 0,
          "max" : 0,
          "mean" : 0.000000,
          "stddev" : 0.000000
        },
        "bw_min" : 0,
        "bw_max" : 0,
        "bw_agg" : 0.000000,
        "bw_mean" : 0.000000,
        "bw_dev" : 0.000000,
        "bw_samples" : 0,
        "iops_min" : 0,
        "iops_max" : 0,
        "iops_mean" : 0.000000,
        "iops_stddev" : 0.000000,
        "iops_samples" : 0
      },
      "sync" : {
        "lat_ns" : {
          "min" : 0,
          "max" : 0,
          "mean" : 0.000000,
          "stddev" : 0.000000,
          "percentile" : {
            "1.000000" : 0,
            "5.000000" : 0,
            "10.000000" : 0,
            "20.000000" : 0,
            "30.000000" : 0,
            "40.000000" : 0,
            "50.000000" : 0,
            "60.000000" : 0,
            "70.000000" : 0,
            "80.000000" : 0,
            "90.000000" : 0,
            "95.000000" : 0,
            "99.000000" : 0,
            "99.500000" : 0,
            "99.900000" : 0,
            "99.950000" : 0,
            "99.990000" : 0
          }
        },
        "total_ios" : 0
      },
      "job_runtime" : 640,
      "usr_cpu" : 10.468750,
      "sys_cpu" : 18.437500,
      "ctx" : 2048,
      "majf" : 0,
      "minf" : 11,
      "iodepth_level" : {
        "1" : 100.000000,
        "2" : 0.000000,
        "4" : 0.000000,
        "8" : 0.000000,
        "16" : 0.000000,
        "32" : 0.000000,
        ">=64" : 0.000000
      },
      "iodepth_submit" : {
        "0" : 0.000000,
        "4" : 100.000000,
        "8" : 0.000000,
        "16" : 0.000000,
        "32" : 0.000000,
        "64" : 0.000000,
        ">=64" : 0.000000
      },
      "iodepth_complete" : {
        "0" : 0.000000,
        "4" : 100.000000,
        "8" : 0.000000,
        "16" : 0.000000,
        "32" : 0.000000,
        "64" : 0.000000,
        ">=64" : 0.000000
      },
      "latency_ns" : {
        "2" : 0.000000,
        "4" : 0.000000,
        "10" : 0.000000,
        "20" : 0.000000,
        "50" : 0.000000,
        "100" : 0.000000,
        "250" : 0.000000,
        "500" : 0.000000,
        "750" : 0.000000,
        "1000" : 0.000000
      },
      "latency_us" : {
        "2" : 0.000000,
        "4" : 0.000000,
        "10" : 0.000000,
        "20" : 0.000000,
        "50" : 0.000000,
        "100" : 0.000000,
        "250" : 62.695312,
        "500" : 34.814453,
        "750" : 2.294922,
        "1000" : 0.000000
      },
      "latency_ms" : {
        "2" : 0.000000,
        "4" : 0.048828,
        "10" : 0.146484,
        "20" : 0.000000,
        "50" : 0.000000,
        "100" : 0.000000,
        "250" : 0.000000,
        "500" : 0.000000,
        "750" : 0.000000,
        "1000" : 0.000000,
        "2000" : 0.000000,
        ">=2000" : 0.000000
      },
      "latency_depth" : 1,
      "latency_target" : 0,
      "latency_percentile" : 100.000000,
      "latency_window" : 0
    }
  ],
  "disk_util" : [
    {
      "name" : "nvme0n1",