{
  "fio version" : "fio-3.16",
  "timestamp" : 1698258941,
  "timestamp_ms" : 1698258941859,
  "time" : "Wed Oct 25 14:35:41 2023",
  "global options" : {
    "bs" : "4k",
    "iodepth" : "1",
    "rwmixread" : "50"
  },
  "jobs" : [
    {
      "jobname" : "Job1",
      "groupid" : 0,
      "error" : 0,
      "eta" : 0,
      "elapsed" : 7,
      "job options" : {
        "ioengine" : "libaio",
        "numjobs" : "1",
        "direct" : "1",
        "fsync" : "0",
        "rw" : "randrw",
        "size" : "512m",
        "filename" : "/dev/nvme0n1p5"
      },
      "read" : {
        "io_bytes" : 269160448,
        "io_kbytes" : 262852,
        "bw_bytes" : 42561740,
        "bw" : 41564,
        "iops" : 10391.049968,
        "runtime" : 6324,
        "total_ios" : 65713,
        "short_ios" : 0,
        "drop_ios" : 0,
        "slat_ns" : {
          "min" : 1781,
          "max" : 207926,
          "mean" : 6117.269597,
          "stddev" : 3311.871175
        },
        "clat_ns" : {
          "min" : 2801,
          "max" : 4694353,
          "mean" : 55759.841949,
          "stddev" : 45494.691834,
          "percentile" : {
            "1.000000" : 33024,
            "5.000000" : 33536,
            "10.000000" : 35584,
            "20.000000" : 37120,
            "30.000000" : 38144,
            "40.000000" : 38656,
            "50.000000" : 41728,
            "60.000000" : 47360,
            "70.000000" : 70144,
            "80.000000" : 71168,
            "90.000000" : 75264,
            "95.000000" : 81408,
            "99.000000" : 242688,
            "99.500000" : 268288,
            "99.900000" : 296960,
            "99.950000" : 313344,
            "99.990000" : 387072
          }
        },
        "lat_ns" : {
          "min" : 30856,
          "max" : 4701425,
          "mean" : 62208.664663,
          "stddev" : 45892.483045
        },
        "bw_min" : 37960,
        "bw_max" : 44528,
        "bw_agg" : 99.894139,
        "bw_mean" : 41520.000000,
        "bw_dev" : 2159.531262,
        "bw_samples" : 12,
        "iops_min" : 9490,
        "iops_max" : 11132,
        "iops_mean" : 10380.000000,
        "iops_stddev" : 539.882816,
        "iops_samples" : 12
      },
      "write" : {
        "io_bytes" : 267710464,
        "io_kbytes" : 261436,
        "bw_bytes" : 42332457,
        "bw" : 41340,
        "iops" : 10335.072739,
        "runtime" : 6324,
        "total_ios" : 65359,
        "short_ios" : 0,
        "drop_ios" : 0,
        "slat_ns" : {
          "min" : 1915,
          "max" : 223140,
          "mean" : 6497.445050,
          "stddev" : 3495.661679
        },
        "clat_ns" : {
          "min" : 2017,
          "max" : 190294,
          "mean" : 21891.295078,
          "stddev" : 4963.314577,
          "percentile" : {
            "1.000000" : 15424,
            "5.000000" : 17280,
            "10.000000" : 18560,
            "20.000000" : 19840,
            "30.000000" : 20352,
            "40.000000" : 20864,
            "50.000000" : 21376,
            "60.000000" : 21888,
            "70.000000" : 22400,
            "80.000000" : 22656,
            "90.000000" : 24704,
            "95.000000" : 29056,
            "99.000000" : 38144,
            "99.500000" : 43264,
            "99.900000" : 82432,
            "99.950000" : 97792,
            "99.990000" : 154624
          }
        },
        "lat_ns" : {
          "min" : 14852,
          "max" : 261554,
          "mean" : 28754.085635,
          "stddev" : 7241.457199
        },
        "bw_min" : 36912,
        "bw_max" : 44632,
        "bw_agg" : 100.000000,
        "bw_mean" : 41360.666667,
        "bw_dev" : 2335.612566,
        "bw_samples" : 12,
        "iops_min" : 9228,
        "iops_max" : 11158,
        "iops_mean" : 10340.166667,
        "iops_stddev" : 583.903142,
        "iops_samples" : 12
      },
      "trim" : {
        "io_bytes" : 0,
        "io_kbytes" : 0,
        "bw_bytes" : 0,
        "bw" : 0,
        "iops" : 0.000000,
        "runtime" : 0,
        "total_ios" : 0,
        "short_ios" : 0,
        "drop_ios" : 0,
        "slat_ns" : {
          "min" : 0,
          "max" : 0,
          "mean" : 0.000000,
          "stddev" : 0.000000
        },
        "clat_ns" : {
          "min" : 0,
          "max" : 0,
          "mean" : 0.000000,
          "stddev" : 0.000000,
          "percentile" : {
            "1.000000" : 0,
            "5.000000" : 0,
            "10.000000" : 0,
            "20.000000" : 0,
            "30.000000" : 0,
            "40.000000" : 0,
            "50.000000" : 0,
            "60.000000" : 0,
            "70.000000" : 0,
            "80.000000" : 0,
            "90.000000" : 0,
            "95.000000" : 0,
            "99.000000" : 0,
            "99.500000" : 0,
            "99.900000" : 0,
            "99.950000" : 0,
            "99.990000" : 0
          }
        },
        "lat_ns" : {
          "min" : 0,
          "max" : 0,
          "mean" : 0.000000,
          "stddev" : 0.000000
        },
        "bw_min" : 0,
        "bw_max" : 0,
        "bw_agg" : 0.000000,
        "bw_mean" : 0.000000,
        "bw_dev" : 0.000000,
        "bw_samples" : 0,
        "iops_min" : 0,
        "iops_max" : 0,
        "iops_mean" : 0.000000,
        "iops_stddev" : 0.000000,
        "iops_samples" : 0
      },
      "sync" : {
        "lat_ns" : {
          "min" : 0,
          "max" : 0,
          "mean" : 0.000000,
          "stddev" : 0.000000,
          "percentile" : {
            "1.000000" : 0,
            "5.000000" : 0,
            "10.000000" : 0,
            "20.000000" : 0,
            "30.000000" : 0,
            "40.000000" : 0,
            "50.000000" : 0,
            "60.000000" : 0,
            "70.000000" : 0,
            "80.000000" : 0,
            "90.000000" : 0,
            "95.000000" : 0,
            "99.000000" : 0,
            "99.500000" : 0,
            "99.900000" : 0,
            "99.950000" : 0,
            "99.990000" : 0
          }
        },
        "total_ios" : 0
      },
      "job_runtime" : 6323,
      "usr_cpu" : 15.340819,
      "sys_cpu" : 23.106121,
      "ctx" : 131067,
      "majf" : 0,
      "minf" : 12,
      "iodepth_level" : {
        "1" : 100.000000,
        "2" : 0.000000,
        "4" : 0.000000,
        "8" : 0.000000,
        "16" : 0.000000,
        "32" : 0.000000,
        ">=64" : 0.000000
      },
      "iodepth_submit" : {
        "0" : 0.000000,
        "4" : 100.000000,
        "8" : 0.000000,
        "16" : 0.000000,
        "32" : 0.000000,
        "64" : 0.000000,
        ">=64" : 0.000000
      },
      "iodepth_complete" : {
        "0" : 0.000000,
        "4" : 100.000000,
        "8" : 0.000000,
        "16" : 0.000000,
        "32" : 0.000000,
        "64" : 0.000000,
        ">=64" : 0.000000
      },
      "latency_ns" : {
        "2" : 0.000000,
        "4" : 0.000000,
        "10" : 0.000000,
        "20" : 0.000000,
        "50" : 0.000000,
        "100" : 0.000000,
        "250" : 0.000000,
        "500" : 0.000000,
        "750" : 0.000000,
        "1000" : 0.000000
      },
      "latency_us" : {
        "2" : 0.000000,
        "4" : 0.010000,
        "10" : 0.010000,
        "20" : 11.966705,
        "50" : 68.253326,
        "100" : 17.976379,
        "250" : 1.347351,
        "500" : 0.433350,
        "750" : 0.000000,
        "1000" : 0.000000
      },
      "latency_ms" : {
        "2" : 0.000000,
        "4" : 0.010000,
        "10" : 0.010000,
        "20" : 0.000000,
        "50" : 0.000000,
        "100" : 0.000000,
        "250" : 0.000000,
        "500" : 0.000000,
        "750" : 0.000000,
        "1000" : 0.000000,
        "2000" : 0.000000,
        ">=2000" : 0.000000
      },
      "latency_depth" : 1,
      "latency_target" : 0,
      "latency_percentile" : 100.000000,
      "latency_window" : 0
    }
  ],
  "disk_util" : [
    {
      "name" : "nvme0n1",
      "read_ios" : 63879,
      "write_ios" : 63689,