{
  "fio version" : "fio-3.16",
  "timestamp" : 1698259054,
  "timestamp_ms" : 1698259054383,
  "time" : "Wed Oct 25 14:37:34 2023",
  "global options" : {
    "bs" : "256k",
    "iodepth" : "256",
    "rwmixread" : "50"
  },
  "jobs" : [
    {
      "jobname" : "Job1",
      "groupid" : 0,
      "error" : 0,
      "eta" : 2147483647,
      "elapsed" : 1,
      "job options" : {
        "ioengine" : "libaio",
        "numjobs" : "1",
        "direct" : "1",
        "fsync" : "0",
        "rw" : "randrw",
        "size" : "512m",
        "filename" : "/dev/nvme0n1p5"
      },
      "read" : {
        "io_bytes" : 260571136,
        "io_kbytes" : 254464,
        "bw_bytes" : 750925463,
        "bw" : 733325,
        "iops" : 2864.553314,
        "runtime" : 347,
        "total_ios" : 994,
        "short_ios" : 0,
        "drop_ios" : 0,
        "slat_ns" : {
          "min" : 4517,
          "max" : 103416,
          "mean" : 23901.993964,
          "stddev" : 19329.611373
        },
        "clat_ns" : {
          "min" : 3397132,
          "max" : 92203014,
          "mean" : 46032463.918511,
          "stddev" : 12586412.424510,
          "percentile" : {
            "1.000000" : 22937600,
            "5.000000" : 26869760,
            "10.000000" : 31326208,
            "20.000000" : 37486592,
            "30.000000" : 42205184,
            "40.000000" : 43253760,
            "50.000000" : 43778048,
            "60.000000" : 44826624,
            "70.000000" : 49545216,
            "80.000000" : 55312384,
            "90.000000" : 61079552,
            "95.000000" : 67633152,
            "99.000000" : 88604672,
            "99.500000" : 90701824,
            "99.900000" : 91750400,
            "99.950000" : 91750400,
            "99.990000" : 91750400
          }
        },
        "lat_ns" : {
          "min" : 3418295,
          "max" : 92233965,
          "mean" : 46056689.862173,
          "stddev" : 12589973.102314
        },
        "bw_min" : 0,
        "bw_max" : 0,
        "bw_agg" : 0.000000,
        "bw_mean" : 0.000000,
        "bw_dev" : 0.000000,
        "bw_samples" : 0,
        "iops_min" : 0,
        "iops_max" : 0,
        "iops_mean" : 0.000000,
        "iops_stddev" : 0.000000,
        "iops_samples" : 0
      },
      "write" : {
        "io_bytes" : 276299776,
        "io_kbytes" : 269824,
        "bw_bytes" : 796252956,
        "bw" : 777590,
        "iops" : 3037.463977,
        "runtime" : 347,
        "total_ios" : 1054,
        "short_ios" : 0,
        "drop_ios" : 0,
        "slat_ns" : {
          "min" : 7978,
          "max" : 158510,
          "mean" : 41726.304554,
          "stddev" : 24647.749064
        },
        "clat_ns" : {
          "min" : 3264913,
          "max" : 90158385,
          "mean" : 40173955.234345,
          "stddev" : 12824178.503619,
          "percentile" : {
            "1.000000" : 3358720,
            "5.000000" : 21364736,
            "10.000000" : 25559040,
            "20.000000" : 31588352,
            "30.000000" : 36962304,
            "40.000000" : 38010880,
            "50.000000" : 39059456,
            "60.000000" : 39583744,
            "70.000000" : 43253760,
            "80.000000" : 48496640,
            "90.000000" : 55836672,
            "95.000000" : 63176704,
            "99.000000" : 87556096,
            "99.500000" : 89653248,
            "99.900000" : 89653248,
            "99.950000" : 89653248,
            "99.990000" : 89653248
          }
        },
        "lat_ns" : {
          "min" : 3287160,
          "max" : 90209141,
          "mean" : 40216049.961101,
          "stddev" : 12828929.529554
        },
        "bw_min" : 0,
        "bw_max" : 0,
        "bw_agg" : 0.000000,
        "bw_mean" : 0.000000,
        "bw_dev" : 0.000000,
        "bw_samples" : 0,
        "iops_min" : 0,
        "iops_max" : 0,
        "iops_mean" : 0.000000,
        "iops_stddev" : 0.000000,
        "iops_samples" : 0
      },
      "trim" : {
        "io_bytes" : 0,
        "io_kbytes" : 0,
        "bw_bytes" : 0,
        "bw" : 0,
        "iops" : 0.000000,
        "runtime" : 0,
        "total_ios" : 0,
        "short_ios" : 0,
        "drop_ios" : 0,
        "slat_ns" : {
          "min" : 0,
          "max" : 0,
          "mean" : 0.000000,
          "stddev" : 0.000000
        },
        "clat_ns" : {
          "min" : 0,
          "max" : 0,
          "mean" : 0.000000,
          "stddev" : 0.000000,
          "percentile" : {
            "1.000000" : 0,
            "5.000000" : 0,
            "10.000000" : 0,
            "20.000000" : 0,
            "30.000000" : 0,
            "40.000000" : 0,
            "50.000000" : 0,
            "60.000000" : 0,
            "70.000000" : 0,
            "80.000000" : 0,
            "90.000000" : 0,
            "95.000000" : 0,
            "99.000000" : 0,
            "99.500000" : 0,
            "99.900000" : 0,
            "99.950000" : 0,
            "99.990000" : 0
          }
        },
        "lat_ns" : {
          "min" : 0,
          "max" : 0,
          "mean" : 0.000000,
          "stddev" : 0.000000
        },
        "bw_min" : 0,
        "bw_max" : 0,
        "bw_agg" : 0.000000,
        "bw_mean" : 0.000000,
        "bw_dev" : 0.000000,
        "bw_samples" : 0,
        "iops_min" : 0,
        "iops_max" : 0,
        "iops_mean" : 0.000000,
        "iops_stddev" : 0.000000,
        "iops_samples" : 0
      },
      "sync" : {
        "lat_ns" : {
          "min" : 0,
          "max" : 0,
          "mean" : 0.000000,
          "stddev" : 0.000000,
          "percentile" : {
            "1.000000" : 0,
            "5.000000" : 0,
            "10.000000" : 0,
            "20.000000" : 0,
            "30.000000" : 0,
            "40.000000" : 0,
            "50.000000" : 0,
            "60.000000" : 0,
            "70.000000" : 0,
            "80.000000" : 0,
            "90.000000" : 0,
            "95.000000" : 0,
            "99.000000" : 0,
            "99.500000" : 0,
            "99.900000" : 0,
            "99.950000" : 0,
            "99.990000" : 0
          }
        },
        "total_ios" : 0
      },
      "job_runtime" : 346,
      "usr_cpu" : 6.069364,
      "sys_cpu" : 19.942197,
      "ctx" : 1034,
      "majf" : 0,
      "minf" : 12,
      "iodepth_level" : {
        "1" : 0.100000,
        "2" : 0.100000,
        "4" : 0.195312,
        "8" : 0.390625,
        "16" : 0.781250,
        "32" : 1.562500,
        ">=64" : 96.923828
      },
      "iodepth_submit" : {
        "0" : 0.000000,
        "4" : 100.000000,
        "8" : 0.000000,
        "16" : 0.000000,
        "32" : 0.000000,
        "64" : 0.000000,
        ">=64" : 0.000000
      },
      "iodepth_complete" : {
        "0" : 0.000000,
        "4" : 99.944259,
        "8" : 0.000000,
        "16" : 0.000000,
        "32" : 0.000000,
        "64" : 0.000000,
        ">=64" : 0.100000
      },
      "latency_ns" : {
        "2" : 0.000000,
        "4" : 0.000000,
        "10" : 0.000000,
        "20" : 0.000000,
        "50" : 0.000000,
        "100" : 0.000000,
        "250" : 0.000000,
        "500" : 0.000000,
        "750" : 0.000000,
        "1000" : 0.000000
      },
      "latency_us" : {
        "2" : 0.000000,
        "4" : 0.000000,
        "10" : 0.000000,
        "20" : 0.000000,
        "50" : 0.000000,
        "100" : 0.000000,
        "250" : 0.000000,
        "500" : 0.000000,
        "750" : 0.000000,
        "1000" : 0.000000
      },
      "latency_ms" : {
        "2" : 0.000000,
        "4" : 1.074219,
        "10" : 0.000000,
        "20" : 1.318359,
        "50" : 74.267578,
        "100" : 23.339844,
        "250" : 0.000000,
        "500" : 0.000000,
        "750" : 0.000000,
        "1000" : 0.000000,
        "2000" : 0.000000,
        ">=2000" : 0.000000
      },
      "latency_depth" : 256,
      "latency_target" : 0,
      "latency_percentile" : 100.000000,
      "latency_window" : 0
    }
  ],