{
  "fio version" : "fio-3.16",
  "timestamp" : 1698259044,
  "timestamp_ms" : 1698259044996,
  "time" : "Wed Oct 25 14:37:24 2023",
  "global options" : {
    "bs" : "256k",
    "iodepth" : "1",
    "rwmixread" : "70"
  },
  "jobs" : [
    {
      "jobname" : "Job1",
      "groupid" : 0,
      "error" : 0,
      "eta" : 2147483647,
      "elapsed" : 1,
      "job options" : {
        "ioengine" : "libaio",
        "numjobs" : "1",
        "direct" : "1",
        "fsync" : "0",
        "rw" : "randrw",
        "size" : "512m",
        "filename" : "/dev/nvme0n1p5"
      },
      "read" : {
        "io_bytes" : 373817344,
        "io_kbytes" : 365056,
        "bw_bytes" : 608823035,
        "bw" : 594553,
        "iops" : 2322.475570,
        "runtime" : 614,
        "total_ios" : 1426,
        "short_ios" : 0,
        "drop_ios" : 0,
        "slat_ns" : {
          "min" : 5751,
          "max" : 181096,
          "mean" : 24481.140252,
          "stddev" : 16071.596948
        },
        "clat_ns" : {
          "min" : 119564,
          "max" : 819443,
          "mean" : 306041.323983,
          "stddev" : 102348.348210,
          "percentile" : {
            "1.000000" : 144384,
            "5.000000" : 173056,
            "10.000000" : 189440,
            "20.000000" : 218112,
            "30.000000" : 238592,
            "40.000000" : 254976,
            "50.000000" : 284672,
            "60.000000" : 321536,
            "70.000000" : 354304,
            "80.000000" : 391168,
            "90.000000" : 456704,
            "95.000000" : 493568,
            "99.000000" : 569344,
            "99.500000" : 602112,
            "99.900000" : 782336,
            "99.950000" : 823296,
            "99.990000" : 823296
          }
        },
        "lat_ns" : {
          "min" : 127461,
          "max" : 828469,
          "mean" : 330998.076438,
          "stddev" : 103274.964011
        },
        "bw_min" : 592734,
        "bw_max" : 592734,
        "bw_agg" : 99.694056,
        "bw_mean" : 592734.000000,
        "bw_dev" : 0.000000,
        "bw_samples" : 1,
        "iops_min" : 2315,
        "iops_max" : 2315,
        "iops_mean" : 2315.000000,
        "iops_stddev" : 0.000000,
        "iops_samples" : 1
      },
      "write" : {
        "io_bytes" : 163053568,
        "io_kbytes" : 159232,
        "bw_bytes" : 265559557,
        "bw" : 259335,
        "iops" : 1013.029316,
        "runtime" : 614,
        "total_ios" : 622,
        "short_ios" : 0,
        "drop_ios" : 0,
        "slat_ns" : {
          "min" : 8964,
          "max" : 117833,
          "mean" : 38108.520900,
          "stddev" : 21040.524420
        },
        "clat_ns" : {
          "min" : 97783,
          "max" : 457033,
          "mean" : 176166.258842,
          "stddev" : 55090.789971,
          "percentile" : {
            "1.000000" : 108032,
            "5.000000" : 115200,
            "10.000000" : 124416,
            "20.000000" : 138240,
            "30.000000" : 148480,
            "40.000000" : 154624,
            "50.000000" : 162816,
            "60.000000" : 171008,
            "70.000000" : 191488,
            "80.000000" : 201728,
            "90.000000" : 234496,
            "95.000000" : 276480,
            "99.000000" : 407552,
            "99.500000" : 419840,
            "99.900000" : 456704,
            "99.950000" : 456704,
            "99.990000" : 456704
          }
        },
        "lat_ns" : {
          "min" : 113305,
          "max" : 477711,
          "mean" : 214780.101286,
          "stddev" : 61253.446621
        },
        "bw_min" : 256000,
        "bw_max" : 256000,
        "bw_agg" : 98.714019,
        "bw_mean" : 256000.000000,
        "bw_dev" : 0.000000,
        "bw_samples" : 1,
        "iops_min" : 1000,
        "iops_max" : 1000,
        "iops_mean" : 1000.000000,
        "iops_stddev" : 0.000000,
        "iops_samples" : 1
      },
      "trim" : {
        "io_bytes" : 0,
        "io_kbytes" : 0,
        "bw_bytes" : 0,
        "bw" : 0,
        "iops" : 0.000000,
        "runtime" : 0,
        "total_ios" : 0,
        "short_ios" : 0,
        "drop_ios" : 0,
        "slat_ns" : {
          "min" : 0,
          "max" : 0,
          "mean" : 0.000000,
          "stddev" : 0.000000
        },
        "clat_ns" : {
          "min" : 0,
          "max" : 0,
          "mean" : 0.000000,
          "stddev" : 0.000000,
          "percentile" : {
            "1.000000" : 0,
            "5.000000" : 0,
            "10.000000" : 0,
            "20.000000" : 0,
            "30.000000" : 0,
            "40.000000" : 0,
            "50.000000" : 0,
            "60.000000" : 0,
            "70.000000" : 0,
            "80.000000" : 0,
            "90.000000" : 0,
            "95.000000" : 0,
            "99.000000" : 0,
            "99.500000" : 0,
            "99.900000" : 0,
            "99.950000" : 0,
            "99.990000" : 0
          }
        },
        "lat_ns" : {
          "min" : 0,
          "max" : 0,
          "mean" : 0.000000,
          "stddev" : 0.000000
        },
        "bw_min" : 0,
        "bw_max" : 0,
        "bw_agg" : 0.000000,
        "bw_mean" : 0.000000,
        "bw_dev" : 0.000000,
        "bw_samples" : 0,
        "iops_min" : 0,
        "iops_max" : 0,
        "iops_mean" : 0.000000,
        "iops_stddev" : 0.000000,
        "iops_samples" : 0
      },
      "sync" : {
        "lat_ns" : {
          "min" : 0,
          "max" : 0,
          "mean" : 0.000000,
          "stddev" : 0.000000,
          "percentile" : {
            "1.000000" : 0,
            "5.000000" : 0,
            "10.000000" : 0,
            "20.000000" : 0,
            "30.000000" : 0,
            "40.000000" : 0,
            "50.000000" : 0,
            "60.000000" : 0,
            "70.000000" : 0,
            "80.000000" : 0,
            "90.000000" : 0,
            "95.000000" : 0,
            "99.000000" : 0,
            "99.500000" : 0,
            "99.900000" : 0,
            "99.950000" : 0,
            "99.990000" : 0
          }
        },
        "total_ios" : 0
      },
      "job_runtime" : 613,
      "usr_cpu" : 6.035889,
      "sys_cpu" : 11.256117,
      "ctx" : 2057,
      "majf" : 0,
      "minf" : 10,
      "iodepth_level" : {
        "1" : 100.000000,
        "2" : 0.000000,
        "4" : 0.000000,
        "8" : 0.000000,
        "16" : 0.000000,
        "32" : 0.000000,
        ">=64" : 0.000000
      },
      "iodepth_submit" : {
        "0" : 0.000000,
        "4" : 100.000000,
        "8" : 0.000000,
        "16" : 0.000000,
        "32" : 0.000000,
        "64" : 0.000000,
        ">=64" : 0.000000
      },
      "iodepth_complete" : {
        "0" : 0.000000,
        "4" : 100.000000,
        "8" : 0.000000,
        "16" : 0.000000,
        "32" : 0.000000,
        "64" : 0.000000,
        ">=64" : 0.000000
      },
      "latency_ns" : {
        "2" : 0.000000,
        "4" : 0.000000,
        "10" : 0.000000,
        "20" : 0.000000,
        "50" : 0.000000,
        "100" : 0.000000,
        "250" : 0.000000,
        "500" : 0.000000,
        "750" : 0.000000,
        "1000" : 0.000000
      },
      "latency_us" : {
        "2" : 0.000000,
        "4" : 0.000000,
        "10" : 0.000000,
        "20" : 0.000000,
        "50" : 0.000000,
        "100" : 0.146484,
        "250" : 53.222656,
        "500" : 43.554688,
        "750" : 2.978516,
        "1000" : 0.097656
      },
      "latency_ms" : {
        "2" : 0.000000,
        "4" : 0.000000,
        "10" : 0.000000,
        "20" : 0.000000,
        "50" : 0.000000,
        "100" : 0.000000,
        "250" : 0.000000,
        "500" : 0.000000,
        "750" : 0.000000,
        "1000" : 0.000000,
        "2000" : 0.000000,
        ">=2000" : 0.000000
      },
      "latency_depth" : 1,
      "latency_target" : 0,
      "latency_percentile" : 100.000000,
      "latency_window" : 0
    }
  ],
  "disk_util" : [
    {
      "name" : "nvme0n1",
      "read_ios" : 955,