{
  "fio version" : "fio-3.16",
  "timestamp" : 1698259028,
  "timestamp_ms" : 1698259028964,
  "time" : "Wed Oct 25 14:37:08 2023",
  "global options" : {
    "bs" : "128k",
    "iodepth" : "8",
    "rwmixread" : "50"
  },
  "jobs" : [
    {
      "jobname" : "Job1",
      "groupid" : 0,
      "error" : 0,
      "eta" : 2147483647,
      "elapsed" : 1,
      "job options" : {
        "ioengine" : "libaio",
        "numjobs" : "1",
        "direct" : "1",
        "fsync" : "0",
        "rw" : "randrw",
        "size" : "512m",
        "filename" : "/dev/nvme0n1p5"
      },
      "read" : {
        "io_bytes" : 261095424,
        "io_kbytes" : 254976,
        "bw_bytes" : 699987731,
        "bw" : 683581,
        "iops" : 5340.482574,
        "runtime" : 373,
        "total_ios" : 1992,
        "short_ios" : 0,
        "drop_ios" : 0,
        "slat_ns" : {
          "min" : 13115,
          "max" : 218314,
          "mean" : 21040.165161,
          "stddev" : 12057.235192
        },
        "clat_ns" : {
          "min" : 142235,
          "max" : 18239975,
          "mean" : 1272367.474398,
          "stddev" : 1111158.722332,
          "percentile" : {
            "1.000000" : 193536,
            "5.000000" : 264192,
            "10.000000" : 325632,
            "20.000000" : 485376,
            "30.000000" : 626688,
            "40.000000" : 1011712,
            "50.000000" : 1335296,
            "60.000000" : 1482752,
            "70.000000" : 1613824,
            "80.000000" : 1826816,
            "90.000000" : 2023424,
            "95.000000" : 2277376,
            "99.000000" : 2899968,
            "99.500000" : 9240576,
            "99.900000" : 18219008,
            "99.950000" : 18219008,
            "99.990000" : 18219008
          }
        },
        "lat_ns" : {
          "min" : 156857,
          "max" : 18263971,
          "mean" : 1293854.741968,
          "stddev" : 1110482.542119
        },
        "bw_min" : 0,
        "bw_max" : 0,
        "bw_agg" : 0.000000,
        "bw_mean" : 0.000000,
        "bw_dev" : 0.000000,
        "bw_samples" : 0,
        "iops_min" : 0,
        "iops_max" : 0,
        "iops_mean" : 0.000000,
        "iops_stddev" : 0.000000,
        "iops_samples" : 0
      },
      "write" : {
        "io_bytes" : 275775488,
        "io_kbytes" : 269312,
        "bw_bytes" : 739344471,
        "bw" : 722016,
        "iops" : 5640.750670,
        "runtime" : 373,
        "total_ios" : 2104,
        "short_ios" : 0,
        "drop_ios" : 0,
        "slat_ns" : {
          "min" : 17355,
          "max" : 197913,
          "mean" : 30659.021388,
          "stddev" : 10231.728692
        },
        "clat_ns" : {
          "min" : 61487,
          "max" : 1508085,
          "mean" : 150390.954848,
          "stddev" : 69882.799907,
          "percentile" : {
            "1.000000" : 68096,
            "5.000000" : 75264,
            "10.000000" : 83456,
            "20.000000" : 97792,
            "30.000000" : 112128,
            "40.000000" : 125440,
            "50.000000" : 142336,
            "60.000000" : 156672,
            "70.000000" : 175104,
            "80.000000" : 195584,
            "90.000000" : 222208,
            "95.000000" : 248832,
            "99.000000" : 325632,
            "99.500000" : 358400,
            "99.900000" : 481280,
            "99.950000" : 1433600,
            "99.990000" : 1515520
          }
        },
        "lat_ns" : {
          "min" : 85121,
          "max" : 1545541,
          "mean" : 181512.554183,
          "stddev" : 70785.130054
        },
        "bw_min" : 0,
        "bw_max" : 0,
        "bw_agg" : 0.000000,
        "bw_mean" : 0.000000,
        "bw_dev" : 0.000000,
        "bw_samples" : 0,
        "iops_min" : 0,
        "iops_max" : 0,
        "iops_mean" : 0.000000,
        "iops_stddev" : 0.000000,
        "iops_samples" : 0
      },
      "trim" : {
        "io_bytes" : 0,
        "io_kbytes" : 0,
        "bw_bytes" : 0,
        "bw" : 0,
        "iops" : 0.000000,
        "runtime" : 0,
        "total_ios" : 0,
        "short_ios" : 0,
        "drop_ios" : 0,
        "slat_ns" : {
          "min" : 0,
          "max" : 0,
          "mean" : 0.000000,
          "stddev" : 0.000000
        },
        "clat_ns" : {
          "min" : 0,
          "max" : 0,
          "mean" : 0.000000,
          "stddev" : 0.000000,
          "percentile" : {
            "1.000000" : 0,
            "5.000000" : 0,
            "10.000000" : 0,
            "20.000000" : 0,
            "30.000000" : 0,
            "40.000000" : 0,
            "50.000000" : 0,
            "60.000000" : 0,
            "70.000000" : 0,
            "80.000000" : 0,
            "90.000000" : 0,
            "95.000000" : 0,
            "99.000000" : 0,
            "99.500000" : 0,
            "99.900000" : 0,
            "99.950000" : 0,
            "99.990000" : 0
          }
        },
        "lat_ns" : {
          "min" : 0,
          "max" : 0,
          "mean" : 0.000000,
          "stddev" : 0.000000
        },
        "bw_min" : 0,
        "bw_max" : 0,
        "bw_agg" : 0.000000,
        "bw_mean" : 0.000000,
        "bw_dev" : 0.000000,
        "bw_samples" : 0,
        "iops_min" : 0,
        "iops_max" : 0,
        "iops_mean" : 0.000000,
        "iops_stddev" : 0.000000,
        "iops_samples" : 0
      },
      "sync" : {
        "lat_ns" : {
          "min" : 0,
          "max" : 0,
          "mean" : 0.000000,
          "stddev" : 0.000000,
          "percentile" : {
            "1.000000" : 0,
            "5.000000" : 0,
            "10.000000" : 0,
            "20.000000" : 0,
            "30.000000" : 0,
            "40.000000" : 0,
            "50.000000" : 0,
            "60.000000" : 0,
            "70.000000" : 0,
            "80.000000" : 0,
            "90.000000" : 0,
            "95.000000" : 0,
            "99.000000" : 0,
            "99.500000" : 0,
            "99.900000" : 0,
            "99.950000" : 0,
            "99.990000" : 0
          }
        },
        "total_ios" : 0
      },
      "job_runtime" : 372,
      "usr_cpu" : 13.440860,
      "sys_cpu" : 27.956989,
      "ctx" : 1237,
      "majf" : 0,
      "minf" : 11,
      "iodepth_level" : {
        "1" : 0.100000,
        "2" : 0.100000,
        "4" : 0.100000,
        "8" : 99.829102,
        "16" : 0.000000,
        "32" : 0.000000,
        ">=64" : 0.000000
      },
      "iodepth_submit" : {
        "0" : 0.000000,
        "4" : 100.000000,
        "8" : 0.000000,
        "16" : 0.000000,
        "32" : 0.000000,
        "64" : 0.000000,
        ">=64" : 0.000000
      },
      "iodepth_complete" : {
        "0" : 0.000000,
        "4" : 99.975550,
        "8" : 0.100000,
        "16" : 0.000000,
        "32" : 0.000000,
        "64" : 0.000000,
        ">=64" : 0.000000
      },
      "latency_ns" : {
        "2" : 0.000000,
        "4" : 0.000000,
        "10" : 0.000000,
        "20" : 0.000000,
        "50" : 0.000000,
        "100" : 0.000000,
        "250" : 0.000000,
        "500" : 0.000000,
        "750" : 0.000000,
        "1000" : 0.000000
      },
      "latency_us" : {
        "2" : 0.000000,
        "4" : 0.000000,
        "10" : 0.000000,
        "20" : 0.000000,
        "50" : 0.000000,
        "100" : 11.108398,
        "250" : 39.770508,
        "500" : 10.693359,
        "750" : 6.713867,
        "1000" : 2.319336
      },
      "latency_ms" : {
        "2" : 23.974609,
        "4" : 5.053711,
        "10" : 0.170898,
        "20" : 0.195312,
        "50" : 0.000000,
        "100" : 0.000000,
        "250" : 0.000000,
        "500" : 0.000000,
        "750" : 0.000000,
        "1000" : 0.000000,
        "2000" : 0.000000,
        ">=2000" : 0.000000
      },
      "latency_depth" : 8,
      "latency_target" : 0,
      "latency_percentile" : 100.000000,
      "latency_window" : 0
    }
  ],
  "disk_util" : [
    {
      "name" : "nvme0n1",
      "read_ios" : 852,
      "write_ios" : 880,