{
  "fio version" : "fio-3.16",
  "timestamp" : 1698259040,
  "timestamp_ms" : 1698259040559,
  "time" : "Wed Oct 25 14:37:20 2023",
  "global options" : {
    "bs" : "128k",
    "iodepth" : "1024",
    "rwmixread" : "70"
  },
  "jobs" : [
    {
      "jobname" : "Job1",
      "groupid" : 0,
      "error" : 0,
      "eta" : 2147483647,
      "elapsed" : 1,
      "job options" : {
        "ioengine" : "libaio",
        "numjobs" : "1",
        "direct" : "1",
        "fsync" : "0",
        "rw" : "randrw",
        "size" : "512m",
        "filename" : "/dev/nvme0n1p5"
      },
      "read" : {
        "io_bytes" : 370147328,
        "io_kbytes" : 361472,
        "bw_bytes" : 1057563794,
        "bw" : 1032777,
        "iops" : 8068.571429,
        "runtime" : 350,
        "total_ios" : 2824,
        "short_ios" : 0,
        "drop_ios" : 0,
        "slat_ns" : {
          "min" : 2665,
          "max" : 1518913,
          "mean" : 54482.576841,
          "stddev" : 206091.969324
        },
        "clat_ns" : {
          "min" : 6459115,
          "max" : 185572894,
          "mean" : 88231632.954674,
          "stddev" : 41360086.055132,
          "percentile" : {
            "1.000000" : 6651904,
            "5.000000" : 15007744,
            "10.000000" : 26607616,
            "20.000000" : 57933824,
            "30.000000" : 83361792,
            "40.000000" : 83361792,
            "50.000000" : 84410368,
            "60.000000" : 87556096,
            "70.000000" : 91750400,
            "80.000000" : 119013376,
            "90.000000" : 152043520,
            "95.000000" : 168820736,
            "99.000000" : 181403648,
            "99.500000" : 183500800,
            "99.900000" : 183500800,
            "99.950000" : 185597952,
            "99.990000" : 185597952
          }
        },
        "lat_ns" : {
          "min" : 6467383,
          "max" : 185576364,
          "mean" : 88286215.047451,
          "stddev" : 41383328.424045
        },
        "bw_min" : 0,
        "bw_max" : 0,
        "bw_agg" : 0.000000,
        "bw_mean" : 0.000000,
        "bw_dev" : 0.000000,
        "bw_samples" : 0,
        "iops_min" : 0,
        "iops_max" : 0,
        "iops_mean" : 0.000000,
        "iops_stddev" : 0.000000,
        "iops_samples" : 0
      },
      "write" : {
        "io_bytes" : 166723584,
        "io_kbytes" : 162816,
        "bw_bytes" : 476353097,
        "bw" : 465188,
        "iops" : 3634.285714,
        "runtime" : 350,
        "total_ios" : 1272,
        "short_ios" : 0,
        "drop_ios" : 0,
        "slat_ns" : {
          "min" : 3574,
          "max" : 1410580,
          "mean" : 53281.784591,
          "stddev" : 191882.413200
        },
        "clat_ns" : {
          "min" : 6216161,
          "max" : 180623343,
          "mean" : 82750722.283019,
          "stddev" : 41797883.368377,
          "percentile" : {
            "1.000000" : 6258688,
            "5.000000" : 9633792,
            "10.000000" : 20054016,
            "20.000000" : 48496640,
            "30.000000" : 78118912,
            "40.000000" : 78118912,
            "50.000000" : 79167488,
            "60.000000" : 80216064,
            "70.000000" : 87556096,
            "80.000000" : 115867648,
            "90.000000" : 145752064,
            "95.000000" : 162529280,
            "99.000000" : 179306496,
            "99.500000" : 179306496,
            "99.900000" : 181403648,
            "99.950000" : 181403648,
            "99.990000" : 181403648
          }
        },
        "lat_ns" : {
          "min" : 6225848,
          "max" : 180634538,
          "mean" : 82804118.885220,
          "stddev" : 41819226.696583
        },
        "bw_min" : 0,
        "bw_max" : 0,
        "bw_agg" : 0.000000,
        "bw_mean" : 0.000000,
        "bw_dev" : 0.000000,
        "bw_samples" : 0,
        "iops_min" : 0,
        "iops_max" : 0,
        "iops_mean" : 0.000000,
        "iops_stddev" : 0.000000,
        "iops_samples" : 0
      },
      "trim" : {
        "io_bytes" : 0,
        "io_kbytes" : 0,
        "bw_bytes" : 0,
        "bw" : 0,
        "iops" : 0.000000,
        "runtime" : 0,
        "total_ios" : 0,
        "short_ios" : 0,
        "drop_ios" : 0,
        "slat_ns" : {
          "min" : 0,
          "max" : 0,
          "mean" : 0.000000,
          "stddev" : 0.000000
        },
        "clat_ns" : {
          "min" : 0,
          "max" : 0,
          "mean" : 0.000000,
          "stddev" : 0.000000,
          "percentile" : {
            "1.000000" : 0,
            "5.000000" : 0,
            "10.000000" : 0,
            "20.000000" : 0,
            "30.000000" : 0,
            "40.000000" : 0,
            "50.000000" : 0,
            "60.000000" : 0,
            "70.000000" : 0,
            "80.000000" : 0,
            "90.000000" : 0,
            "95.000000" : 0,
            "99.000000" : 0,
            "99.500000" : 0,
            "99.900000" : 0,
            "99.950000" : 0,
            "99.990000" : 0
          }
        },
        "lat_ns" : {
          "min" : 0,
          "max" : 0,
          "mean" : 0.000000,
          "stddev" : 0.000000
        },
        "bw_min" : 0,
        "bw_max" : 0,
        "bw_agg" : 0.000000,
        "bw_mean" : 0.000000,
        "bw_dev" : 0.000000,
        "bw_samples" : 0,
        "iops_min" : 0,
        "iops_max" : 0,
        "iops_mean" : 0.000000,
        "iops_stddev" : 0.000000,
        "iops_samples" : 0
      },
      "sync" : {
        "lat_ns" : {
          "min" : 0,
          "max" : 0,
          "mean" : 0.000000,
          "stddev" : 0.000000,
          "percentile" : {
            "1.000000" : 0,
            "5.000000" : 0,
            "10.000000" : 0,
            "20.000000" : 0,
            "30.000000" : 0,
            "40.000000" : 0,
            "50.000000" : 0,
            "60.000000" : 0,
            "70.000000" : 0,
            "80.000000" : 0,
            "90.000000" : 0,
            "95.000000" : 0,
            "99.000000" : 0,
            "99.500000" : 0,
            "99.900000" : 0,
            "99.950000" : 0,
            "99.990000" : 0
          }
        },
        "total_ios" : 0
      },
      "job_runtime" : 349,
      "usr_cpu" : 5.444126,
      "sys_cpu" : 6.303725,
      "ctx" : 1295,
      "majf" : 0,
      "minf" : 13,
      "iodepth_level" : {
        "1" : 0.100000,
        "2" : 0.100000,
        "4" : 0.100000,
        "8" : 0.195312,
        "16" : 0.390625,
        "32" : 0.781250,
        ">=64" : 98.461914
      },
      "iodepth_submit" : {
        "0" : 0.000000,
        "4" : 100.000000,
        "8" : 0.000000,
        "16" : 0.000000,
        "32" : 0.000000,
        "64" : 0.000000,
        ">=64" : 0.000000
      },
      "iodepth_complete" : {
        "0" : 0.000000,
        "4" : 99.967469,
        "8" : 0.000000,
        "16" : 0.000000,
        "32" : 0.000000,
        "64" : 0.000000,
        ">=64" : 0.100000
      },
      "latency_ns" : {
        "2" : 0.000000,
        "4" : 0.000000,
        "10" : 0.000000,
        "20" : 0.000000,
        "50" : 0.000000,
        "100" : 0.000000,
        "250" : 0.000000,
        "500" : 0.000000,
        "750" : 0.000000,
        "1000" : 0.000000
      },
      "latency_us" : {
        "2" : 0.000000,
        "4" : 0.000000,
        "10" : 0.000000,
        "20" : 0.000000,
        "50" : 0.000000,
        "100" : 0.000000,
        "250" : 0.000000,
        "500" : 0.000000,
        "750" : 0.000000,
        "1000" : 0.000000
      },
      "latency_ms" : {
        "2" : 0.000000,
        "4" : 0.000000,
        "10" : 3.417969,
        "20" : 5.126953,
        "50" : 10.034180,
        "100" : 56.445312,
        "250" : 24.975586,
        "500" : 0.000000,
        "750" : 0.000000,
        "1000" : 0.000000,
        "2000" : 0.000000,
        ">=2000" : 0.000000
      },
      "latency_depth" : 1024,
      "latency_target" : 0,
      "latency_percentile" : 100.000000,
      "latency_window" : 0
    }
  ],