{
  "fio version" : "fio-3.16",
  "timestamp" : 1698258985,
  "timestamp_ms" : 1698258985562,
  "time" : "Wed Oct 25 14:36:25 2023",
  "global options" : {
    "bs" : "16k",
    "iodepth" : "8",
    "rwmixread" : "50"
  },
  "jobs" : [
    {
      "jobname" : "Job1",
      "groupid" : 0,
      "error" : 0,
      "eta" : 2147483647,
      "elapsed" : 1,
      "job options" : {
        "ioengine" : "libaio",
        "numjobs" : "1",
        "direct" : "1",
        "fsync" : "0",
        "rw" : "randrw",
        "size" : "512m",
        "filename" : "/dev/nvme0n1p5"
      },
      "read" : {
        "io_bytes" : 268533760,
        "io_kbytes" : 262240,
        "bw_bytes" : 503815684,
        "bw" : 492007,
        "iops" : 30750.469043,
        "runtime" : 533,
        "total_ios" : 16390,
        "short_ios" : 0,
        "drop_ios" : 0,
        "slat_ns" : {
          "min" : 1207,
          "max" : 104488,
          "mean" : 3795.056864,
          "stddev" : 3205.454678
        },
        "clat_ns" : {
          "min" : 43311,
          "max" : 4681288,
          "mean" : 214488.950641,
          "stddev" : 215999.191562,
          "percentile" : {
            "1.000000" : 60160,
            "5.000000" : 74240,
            "10.000000" : 83456,
            "20.000000" : 93696,
            "30.000000" : 103936,
            "40.000000" : 132096,
            "50.000000" : 183296,
            "60.000000" : 264192,
            "70.000000" : 292864,
            "80.000000" : 317440,
            "90.000000" : 346112,
            "95.000000" : 374784,
            "99.000000" : 468992,
            "99.500000" : 518144,
            "99.900000" : 4423680,
            "99.950000" : 4489216,
            "99.990000" : 4620288
          }
        },
        "lat_ns" : {
          "min" : 45749,
          "max" : 4684423,
          "mean" : 218465.797132,
          "stddev" : 216092.527923
        },
        "bw_min" : 489984,
        "bw_max" : 489984,
        "bw_agg" : 99.588827,
        "bw_mean" : 489984.000000,
        "bw_dev" : 0.000000,
        "bw_samples" : 1,
        "iops_min" : 30624,
        "iops_max" : 30624,
        "iops_mean" : 30624.000000,
        "iops_stddev" : 0.000000,
        "iops_samples" : 1
      },
      "write" : {
        "io_bytes" : 268337152,
        "io_kbytes" : 262048,
        "bw_bytes" : 503446814,
        "bw" : 491647,
        "iops" : 30727.954972,
        "runtime" : 533,
        "total_ios" : 16378,
        "short_ios" : 0,
        "drop_ios" : 0,
        "slat_ns" : {
          "min" : 1451,
          "max" : 114881,
          "mean" : 4471.216388,
          "stddev" : 3862.864322
        },
        "clat_ns" : {
          "min" : 12028,
          "max" : 271051,
          "mean" : 34838.211198,
          "stddev" : 19368.879606,
          "percentile" : {
            "1.000000" : 15936,
            "5.000000" : 17536,
            "10.000000" : 18816,
            "20.000000" : 21888,
            "30.000000" : 24192,
            "40.000000" : 26496,
            "50.000000" : 29056,
            "60.000000" : 31872,
            "70.000000" : 36096,
            "80.000000" : 43776,
            "90.000000" : 57088,
            "95.000000" : 75264,
            "99.000000" : 107008,
            "99.500000" : 122368,
            "99.900000" : 166912,
            "99.950000" : 183296,
            "99.990000" : 259072
          }
        },
        "lat_ns" : {
          "min" : 16437,
          "max" : 279438,
          "mean" : 39489.631335,
          "stddev" : 21645.478113
        },
        "bw_min" : 489024,
        "bw_max" : 489024,
        "bw_agg" : 99.466487,
        "bw_mean" : 489024.000000,
        "bw_dev" : 0.000000,
        "bw_samples" : 1,
        "iops_min" : 30564,
        "iops_max" : 30564,
        "iops_mean" : 30564.000000,
        "iops_stddev" : 0.000000,
        "iops_samples" : 1
      },
      "trim" : {
        "io_bytes" : 0,
        "io_kbytes" : 0,
        "bw_bytes" : 0,
        "bw" : 0,
        "iops" : 0.000000,
        "runtime" : 0,
        "total_ios" : 0,
        "short_ios" : 0,
        "drop_ios" : 0,
        "slat_ns" : {
          "min" : 0,
          "max" : 0,
          "mean" : 0.000000,
          "stddev" : 0.000000
        },
        "clat_ns" : {
          "min" : 0,
          "max" : 0,
          "mean" : 0.000000,
          "stddev" : 0.000000,
          "percentile" : {
            "1.000000" : 0,
            "5.000000" : 0,
            "10.000000" : 0,
            "20.000000" : 0,
            "30.000000" : 0,
            "40.000000" : 0,
            "50.000000" : 0,
            "60.000000" : 0,
            "70.000000" : 0,
            "80.000000" : 0,
            "90.000000" : 0,
            "95.000000" : 0,
            "99.000000" : 0,
            "99.500000" : 0,
            "99.900000" : 0,
            "99.950000" : 0,
            "99.990000" : 0
          }
        },
        "lat_ns" : {
          "min" : 0,
          "max" : 0,
          "mean" : 0.000000,
          "stddev" : 0.000000
        },
        "bw_min" : 0,
        "bw_max" : 0,
        "bw_agg" : 0.000000,
        "bw_mean" : 0.000000,
        "bw_dev" : 0.000000,
        "bw_samples" : 0,
        "iops_min" : 0,
        "iops_max" : 0,
        "iops_mean" : 0.000000,
        "iops_stddev" : 0.000000,
        "iops_samples" : 0
      },
      "sync" : {
        "lat_ns" : {
          "min" : 0,
          "max" : 0,
          "mean" : 0.000000,
          "stddev" : 0.000000,
          "percentile" : {
            "1.000000" : 0,
            "5.000000" : 0,
            "10.000000" : 0,
            "20.000000" : 0,
            "30.000000" : 0,
            "40.000000" : 0,
            "50.000000" : 0,
            "60.000000" : 0,
            "70.000000" : 0,
            "80.000000" : 0,
            "90.000000" : 0,
            "95.000000" : 0,
            "99.000000" : 0,
            "99.500000" : 0,
            "99.900000" : 0,
            "99.950000" : 0,
            "99.990000" : 0
          }
        },
        "total_ios" : 0
      },
      "job_runtime" : 532,
      "usr_cpu" : 15.413534,
      "sys_cpu" : 29.699248,
      "ctx" : 11441,
      "majf" : 0,
      "minf" : 15,
      "iodepth_level" : {
        "1" : 0.100000,
        "2" : 0.100000,
        "4" : 0.100000,
        "8" : 99.978638,
        "16" : 0.000000,
        "32" : 0.000000,
        ">=64" : 0.000000
      },
      "iodepth_submit" : {
        "0" : 0.000000,
        "4" : 100.000000,
        "8" : 0.000000,
        "16" : 0.000000,
        "32" : 0.000000,
        "64" : 0.000000,
        ">=64" : 0.000000
      },
      "iodepth_complete" : {
        "0" : 0.000000,
        "4" : 99.996948,
        "8" : 0.100000,
        "16" : 0.000000,
        "32" : 0.000000,
        "64" : 0.000000,
        ">=64" : 0.000000
      },
      "latency_ns" : {
        "2" : 0.000000,
        "4" : 0.000000,
        "10" : 0.000000,
        "20" : 0.000000,
        "50" : 0.000000,
        "100" : 0.000000,
        "250" : 0.000000,
        "500" : 0.000000,
        "750" : 0.000000,
        "1000" : 0.000000
      },
      "latency_us" : {
        "2" : 0.000000,
        "4" : 0.000000,
        "10" : 0.000000,
        "20" : 6.570435,
        "50" : 36.074829,
        "100" : 20.007324,
        "250" : 15.994263,
        "500" : 21.038818,
        "750" : 0.216675,
        "1000" : 0.000000
      },
      "latency_ms" : {
        "2" : 0.000000,
        "4" : 0.010000,
        "10" : 0.094604,
        "20" : 0.000000,
        "50" : 0.000000,
        "100" : 0.000000,
        "250" : 0.000000,
        "500" : 0.000000,
        "750" : 0.000000,
        "1000" : 0.000000,
        "2000" : 0.000000,
        ">=2000" : 0.000000
      },
      "latency_depth" : 8,
      "latency_target" : 0,
      "latency_percentile" : 100.000000,
      "latency_window" : 0
    }
  ],
  "disk_util" : [
    {
      "name" : "nvme0n1",
      "read_ios" : 12480,