{
  "fio version" : "fio-3.16",
  "timestamp" : 1698259059,
  "timestamp_ms" : 1698259059249,
  "time" : "Wed Oct 25 14:37:39 2023",
  "global options" : {
    "bs" : "256k",
    "iodepth" : "1024",
    "rwmixread" : "70"
  },
  "jobs" : [
    {
      "jobname" : "Job1",
      "groupid" : 0,
      "error" : 0,
      "eta" : 2147483647,
      "elapsed" : 1,
      "job options" : {
        "ioengine" : "libaio",
        "numjobs" : "1",
        "direct" : "1",
        "fsync" : "0",
        "rw" : "randrw",
        "size" : "512m",
        "filename" : "/dev/nvme0n1p5"
      },
      "read" : {
        "io_bytes" : 373817344,
        "io_kbytes" : 365056,
        "bw_bytes" : 1175526238,
        "bw" : 1147974,
        "iops" : 4484.276730,
        "runtime" : 318,
        "total_ios" : 1426,
        "short_ios" : 0,
        "drop_ios" : 0,
        "slat_ns" : {
          "min" : 4652,
          "max" : 2599361,
          "mean" : 70565.221599,
          "stddev" : 269116.016501
        },
        "clat_ns" : {
          "min" : 12980437,
          "max" : 304620619,
          "mean" : 157527971.933380,
          "stddev" : 94498800.036877,
          "percentile" : {
            "1.000000" : 13434880,
            "5.000000" : 18481152,
            "10.000000" : 28180480,
            "20.000000" : 57933824,
            "30.000000" : 85458944,
            "40.000000" : 116916224,
            "50.000000" : 160432128,
            "60.000000" : 189792256,
            "70.000000" : 231735296,
            "80.000000" : 258998272,
            "90.000000" : 287309824,
            "95.000000" : 304087040,
            "99.000000" : 304087040,
            "99.500000" : 304087040,
            "99.900000" : 304087040,
            "99.950000" : 304087040,
            "99.990000" : 304087040
          }
        },
        "lat_ns" : {
          "min" : 13012609,
          "max" : 304634882,
          "mean" : 157598799.523141,
          "stddev" : 94549381.853366
        },
        "bw_min" : 0,
        "bw_max" : 0,
        "bw_agg" : 0.000000,
        "bw_mean" : 0.000000,
        "bw_dev" : 0.000000,
        "bw_samples" : 0,
        "iops_min" : 0,
        "iops_max" : 0,
        "iops_mean" : 0.000000,
        "iops_stddev" : 0.000000,
        "iops_samples" : 0
      },
      "write" : {
        "io_bytes" : 163053568,
        "io_kbytes" : 159232,
        "bw_bytes" : 512747069,
        "bw" : 500729,
        "iops" : 1955.974843,
        "runtime" : 318,
        "total_ios" : 622,
        "short_ios" : 0,
        "drop_ios" : 0,
        "slat_ns" : {
          "min" : 6382,
          "max" : 2163529,
          "mean" : 66934.532154,
          "stddev" : 206001.967010
        },
        "clat_ns" : {
          "min" : 12894042,
          "max" : 304171907,
          "mean" : 150711796.316720,
          "stddev" : 93139228.840637,
          "percentile" : {
            "1.000000" : 12910592,
            "5.000000" : 13434880,
            "10.000000" : 26345472,
            "20.000000" : 52690944,
            "30.000000" : 83361792,
            "40.000000" : 107479040,
            "50.000000" : 141557760,
            "60.000000" : 183500800,
            "70.000000" : 217055232,
            "80.000000" : 248512512,
            "90.000000" : 283115520,
            "95.000000" : 304087040,
            "99.000000" : 304087040,
            "99.500000" : 304087040,
            "99.900000" : 304087040,
            "99.950000" : 304087040,
            "99.990000" : 304087040
          }
        },
        "lat_ns" : {
          "min" : 12909929,
          "max" : 304191054,
          "mean" : 150779012.271704,
          "stddev" : 93175549.416616
        },
        "bw_min" : 0,
        "bw_max" : 0,
        "bw_agg" : 0.000000,
        "bw_mean" : 0.000000,
        "bw_dev" : 0.000000,
        "bw_samples" : 0,
        "iops_min" : 0,
        "iops_max" : 0,
        "iops_mean" : 0.000000,
        "iops_stddev" : 0.000000,
        "iops_samples" : 0
      },
      "trim" : {
        "io_bytes" : 0,
        "io_kbytes" : 0,
        "bw_bytes" : 0,
        "bw" : 0,
        "iops" : 0.000000,
        "runtime" : 0,
        "total_ios" : 0,
        "short_ios" : 0,
        "drop_ios" : 0,
        "slat_ns" : {
          "min" : 0,
          "max" : 0,
          "mean" : 0.000000,
          "stddev" : 0.000000
        },
        "clat_ns" : {
          "min" : 0,
          "max" : 0,
          "mean" : 0.000000,
          "stddev" : 0.000000,
          "percentile" : {
            "1.000000" : 0,
            "5.000000" : 0,
            "10.000000" : 0,
            "20.000000" : 0,
            "30.000000" : 0,
            "40.000000" : 0,
            "50.000000" : 0,
            "60.000000" : 0,
            "70.000000" : 0,
            "80.000000" : 0,
            "90.000000" : 0,
            "95.000000" : 0,
            "99.000000" : 0,
            "99.500000" : 0,
            "99.900000" : 0,
            "99.950000" : 0,
            "99.990000" : 0
          }
        },
        "lat_ns" : {
          "min" : 0,
          "max" : 0,
          "mean" : 0.000000,
          "stddev" : 0.000000
        },
        "bw_min" : 0,
        "bw_max" : 0,
        "bw_agg" : 0.000000,
        "bw_mean" : 0.000000,
        "bw_dev" : 0.000000,
        "bw_samples" : 0,
        "iops_min" : 0,
        "iops_max" : 0,
        "iops_mean" : 0.000000,
        "iops_stddev" : 0.000000,
        "iops_samples" : 0
      },
      "sync" : {
        "lat_ns" : {
          "min" : 0,
          "max" : 0,
          "mean" : 0.000000,
          "stddev" : 0.000000,
          "percentile" : {
            "1.000000" : 0,
            "5.000000" : 0,
            "10.000000" : 0,
            "20.000000" : 0,
            "30.000000" : 0,
            "40.000000" : 0,
            "50.000000" : 0,
            "60.000000" : 0,
            "70.000000" : 0,
            "80.000000" : 0,
            "90.000000" : 0,
            "95.000000" : 0,
            "99.000000" : 0,
            "99.500000" : 0,
            "99.900000" : 0,
            "99.950000" : 0,
            "99.990000" : 0
          }
        },
        "total_ios" : 0
      },
      "job_runtime" : 317,
      "usr_cpu" : 6.624606,
      "sys_cpu" : 17.665615,
      "ctx" : 912,
      "majf" : 0,
      "minf" : 13,
      "iodepth_level" : {
        "1" : 0.100000,
        "2" : 0.100000,
        "4" : 0.195312,
        "8" : 0.390625,
        "16" : 0.781250,
        "32" : 1.562500,
        ">=64" : 96.923828
      },
      "iodepth_submit" : {
        "0" : 0.000000,
        "4" : 100.000000,
        "8" : 0.000000,
        "16" : 0.000000,
        "32" : 0.000000,
        "64" : 0.000000,
        ">=64" : 0.000000
      },
      "iodepth_complete" : {
        "0" : 0.000000,
        "4" : 99.902534,
        "8" : 0.000000,
        "16" : 0.000000,
        "32" : 0.000000,
        "64" : 0.000000,
        ">=64" : 0.100000
      },
      "latency_ns" : {
        "2" : 0.000000,
        "4" : 0.000000,
        "10" : 0.000000,
        "20" : 0.000000,
        "50" : 0.000000,
        "100" : 0.000000,
        "250" : 0.000000,
        "500" : 0.000000,
        "750" : 0.000000,
        "1000" : 0.000000
      },
      "latency_us" : {
        "2" : 0.000000,
        "4" : 0.000000,
        "10" : 0.000000,
        "20" : 0.000000,
        "50" : 0.000000,
        "100" : 0.000000,
        "250" : 0.000000,
        "500" : 0.000000,
        "750" : 0.000000,
        "1000" : 0.000000
      },
      "latency_ms" : {
        "2" : 0.000000,
        "4" : 0.000000,
        "10" : 0.000000,
        "20" : 6.591797,
        "50" : 11.181641,
        "100" : 17.236328,
        "250" : 42.773438,
        "500" : 22.216797,
        "750" : 0.000000,
        "1000" : 0.000000,
        "2000" : 0.000000,
        ">=2000" : 0.000000
      },
      "latency_depth" : 1024,
      "latency_target" : 0,
      "latency_percentile" : 100.000000,